97670_Q1	0	97670	1
97664_Q1	0	97664	1
22961_Q1	0	22961	1
40882_Q1	0	40882	1
85260_Q1	0	85260	1
79965_Q1	0	79965	1
38087_Q1	0	38087	1
100550_Q1	0	100550	1
26291_Q1	0	26291	1
84630_Q1	0	84630	1
69586_Q1	0	69586	1
25940_Q1	0	25940	1
25798_Q1	0	25798	1
80330_Q1	0	80330	1
96552_Q1	0	96552	1
38911_Q1	0	38911	1
82533_Q1	0	82533	1
40666_Q1	0	40666	1
97658_Q1	0	97658	1
25954_Q1	0	25954	1
54175_Q1	0	54175	1
26285_Q1	0	26285	1
79959_Q1	0	79959	1
84624_Q1	0	84624	1
92046_Q1	0	92046	1
96550_Q1	0	96550	1
97896_Q1	0	97896	1
25942_Q1	0	25942	1
69584_Q1	0	69584	1
69590_Q1	0	69590	1
26287_Q1	0	26287	1
25956_Q1	0	25956	1
81038_Q1	0	81038	1
80326_Q1	0	80326	1
57318_Q1	0	57318	1
40664_Q1	0	40664	1
84140_Q1	0	84140	1
54639_Q1	0	54639	1
85276_Q1	0	85276	1
51027_Q1	0	51027	1
38091_Q1	0	38091	1
99139_Q1	0	99139	1
100546_Q1	0	100546	1
100552_Q1	0	100552	1
100234_Q1	0	100234	1
97666_Q1	0	97666	1
85289_Q1	0	85289	1
39416_Q1	0	39416	1
39370_Q1	0	39370	1
26250_Q1	0	26250	1
29163_Q1	0	29163	1
62412_Q1	0	62412	1
25759_Q1	0	25759	1
80483_Q1	0	80483	1
90690_Q1	0	90690	1
26244_Q1	0	26244	1
78338_Q1	0	78338	1
40857_Q1	0	40857	1
98582_Q1	0	98582	1
25765_Q1	0	25765	1
38052_Q1	0	38052	1
101857_Q1	0	101857	1
54188_Q1	0	54188	1
25771_Q1	0	25771	1
40843_Q1	0	40843	1
57668_Q1	0	57668	1
67973_Q1	0	67973	1
99307_Q1	0	99307	1
52710_Q1	0	52710	1
90445_Q1	0	90445	1
86541_Q1	0	86541	1
49330_Q1	0	49330	1
40466_Q1	0	40466	1
86555_Q1	0	86555	1
99313_Q1	0	99313	1
90451_Q1	0	90451	1
40300_Q1	0	40300	1
26085_Q1	0	26085	1
78847_Q1	0	78847	1
96008_Q1	0	96008	1
39833_Q1	0	39833	1
73084_Q1	0	73084	1
55731_Q1	0	55731	1
85060_Q1	0	85060	1
70599_Q1	0	70599	1
38287_Q1	0	38287	1
75387_Q1	0	75387	1
30630_Q1	0	30630	1
26052_Q1	0	26052	1
86582_Q1	0	86582	1
89869_Q1	0	89869	1
82928_Q1	0	82928	1
77209_Q1	0	77209	1
79542_Q1	0	79542	1
26046_Q1	0	26046	1
39166_Q1	0	39166	1
78674_Q1	0	78674	1
98958_Q1	0	98958	1
72359_Q1	0	72359	1
77221_Q1	0	77221	1
75988_Q1	0	75988	1
23516_Q1	0	23516	1
100387_Q1	0	100387	1
88193_Q1	0	88193	1
26308_Q1	0	26308	1
38136_Q1	0	38136	1
100393_Q1	0	100393	1
96434_Q1	0	96434	1
87539_Q1	0	87539	1
25826_Q1	0	25826	1
31853_Q1	0	31853	1
94545_Q1	0	94545	1
94551_Q1	0	94551	1
25832_Q1	0	25832	1
24292_Q1	0	24292	1
97716_Q1	0	97716	1
87505_Q1	0	87505	1
77184_Q1	0	77184	1
94579_Q1	0	94579	1
66923_Q1	0	66923	1
65594_Q1	0	65594	1
75208_Q1	0	75208	1
96193_Q1	0	96193	1
79432_Q1	0	79432	1
94784_Q1	0	94784	1
82858_Q1	0	82858	1
70416_Q1	0	70416	1
37991_Q1	0	37991	1
31338_Q1	0	31338	1
70402_Q1	0	70402	1
66260_Q1	0	66260	1
79426_Q1	0	79426	1
39002_Q1	0	39002	1
26122_Q1	0	26122	1
86394_Q1	0	86394	1
96187_Q1	0	96187	1
24735_Q1	0	24735	1
31310_Q1	0	31310	1
47286_Q1	0	47286	1
66248_Q1	0	66248	1
93969_Q1	0	93969	1
47292_Q1	0	47292	1
99288_Q1	0	99288	1
40270_Q1	0	40270	1
52674_Q1	0	52674	1
24084_Q1	0	24084	1
37946_Q1	0	37946	1
49240_Q1	0	49240	1
85138_Q1	0	85138	1
82657_Q1	0	82657	1
37952_Q1	0	37952	1
26687_Q1	0	26687	1
80040_Q1	0	80040	1
24090_Q1	0	24090	1
84540_Q1	0	84540	1
94753_Q1	0	94753	1
98141_Q1	0	98141	1
84568_Q1	0	84568	1
69806_Q1	0	69806	1
51427_Q1	0	51427	1
83561_Q1	0	83561	1
81376_Q1	0	81376	1
74857_Q1	0	74857	1
81362_Q1	0	81362	1
39943_Q1	0	39943	1
26042_Q1	0	26042	1
78658_Q1	0	78658	1
28709_Q1	0	28709	1
66300_Q1	0	66300	1
31258_Q1	0	31258	1
74704_Q1	0	74704	1
77219_Q1	0	77219	1
60003_Q1	0	60003	1
26056_Q1	0	26056	1
79552_Q1	0	79552	1
75368_Q1	0	75368	1
57687_Q1	0	57687	1
78664_Q1	0	78664	1
47494_Q1	0	47494	1
71126_Q1	0	71126	1
98790_Q1	0	98790	1
72349_Q1	0	72349	1
50856_Q1	0	50856	1
60995_Q1	0	60995	1
67022_Q1	0	67022	1
66328_Q1	0	66328	1
60981_Q1	0	60981	1
31270_Q1	0	31270	1
98784_Q1	0	98784	1
96971_Q1	0	96971	1
23674_Q1	0	23674	1
75354_Q1	0	75354	1
46946_Q1	0	46946	1
67988_Q1	0	67988	1
78843_Q1	0	78843	1
26081_Q1	0	26081	1
57678_Q1	0	57678	1
86551_Q1	0	86551	1
87897_Q1	0	87897	1
53378_Q1	0	53378	1
31271_Q1	0	31271	1
60980_Q1	0	60980	1
67989_Q1	0	67989	1
78671_Q1	0	78671	1
71127_Q1	0	71127	1
47495_Q1	0	47495	1
78665_Q1	0	78665	1
57686_Q1	0	57686	1
60994_Q1	0	60994	1
50857_Q1	0	50857	1
23661_Q1	0	23661	1
96964_Q1	0	96964	1
74739_Q1	0	74739	1
77218_Q1	0	77218	1
79553_Q1	0	79553	1
60002_Q1	0	60002	1
26057_Q1	0	26057	1
78659_Q1	0	78659	1
65608_Q1	0	65608	1
23885_Q1	0	23885	1
66301_Q1	0	66301	1
28708_Q1	0	28708	1
48163_Q1	0	48163	1
39942_Q1	0	39942	1
81363_Q1	0	81363	1
84569_Q1	0	84569	1
98140_Q1	0	98140	1
74856_Q1	0	74856	1
81377_Q1	0	81377	1
83560_Q1	0	83560	1
60823_Q1	0	60823	1
51426_Q1	0	51426	1
24091_Q1	0	24091	1
80041_Q1	0	80041	1
37953_Q1	0	37953	1
82656_Q1	0	82656	1
49241_Q1	0	49241	1
69191_Q1	0	69191	1
84541_Q1	0	84541	1
87048_Q1	0	87048	1
92337_Q1	0	92337	1
40271_Q1	0	40271	1
84555_Q1	0	84555	1
40517_Q1	0	40517	1
69185_Q1	0	69185	1
24085_Q1	0	24085	1
54562_Q1	0	54562	1
55697_Q1	0	55697	1
47293_Q1	0	47293	1
47287_Q1	0	47287	1
70403_Q1	0	70403	1
24052_Q1	0	24052	1
86395_Q1	0	86395	1
26123_Q1	0	26123	1
79427_Q1	0	79427	1
94785_Q1	0	94785	1
79433_Q1	0	79433	1
75209_Q1	0	75209	1
96192_Q1	0	96192	1
86381_Q1	0	86381	1
70417_Q1	0	70417	1
70832_Q1	0	70832	1
77185_Q1	0	77185	1
87504_Q1	0	87504	1
97717_Q1	0	97717	1
94578_Q1	0	94578	1
25833_Q1	0	25833	1
84743_Q1	0	84743	1
24293_Q1	0	24293	1
87538_Q1	0	87538	1
96435_Q1	0	96435	1
40715_Q1	0	40715	1
94544_Q1	0	94544	1
25827_Q1	0	25827	1
60348_Q1	0	60348	1
100386_Q1	0	100386	1
23517_Q1	0	23517	1
63133_Q1	0	63133	1
70629_Q1	0	70629	1
40932_Q1	0	40932	1
39229_Q1	0	39229	1
26309_Q1	0	26309	1
88192_Q1	0	88192	1
84780_Q1	0	84780	1
26321_Q1	0	26321	1
97924_Q1	0	97924	1
70601_Q1	0	70601	1
30225_Q1	0	30225	1
30231_Q1	0	30231	1
39215_Q1	0	39215	1
30230_Q1	0	30230	1
39214_Q1	0	39214	1
26320_Q1	0	26320	1
84781_Q1	0	84781	1
70600_Q1	0	70600	1
97925_Q1	0	97925	1
40933_Q1	0	40933	1
70628_Q1	0	70628	1
78274_Q1	0	78274	1
79430_Q1	0	79430	1
96191_Q1	0	96191	1
86382_Q1	0	86382	1
86396_Q1	0	86396	1
87088_Q1	0	87088	1
91832_Q1	0	91832	1
26120_Q1	0	26120	1
79424_Q1	0	79424	1
66262_Q1	0	66262	1
70400_Q1	0	70400	1
80081_Q1	0	80081	1
25818_Q1	0	25818	1
70831_Q1	0	70831	1
77186_Q1	0	77186	1
84754_Q1	0	84754	1
94547_Q1	0	94547	1
25824_Q1	0	25824	1
75975_Q1	0	75975	1
54763_Q1	0	54763	1
40716_Q1	0	40716	1
75961_Q1	0	75961	1
25830_Q1	0	25830	1
84998_Q1	0	84998	1
51169_Q1	0	51169	1
88191_Q1	0	88191	1
100385_Q1	0	100385	1
23514_Q1	0	23514	1
100391_Q1	0	100391	1
23500_Q1	0	23500	1
53781_Q1	0	53781	1
24509_Q1	0	24509	1
77179_Q1	0	77179	1
39570_Q1	0	39570	1
30232_Q1	0	30232	1
59284_Q1	0	59284	1
97933_Q1	0	97933	1
25159_Q1	0	25159	1
97927_Q1	0	97927	1
39564_Q1	0	39564	1
70602_Q1	0	70602	1
84783_Q1	0	84783	1
29011_Q1	0	29011	1
26322_Q1	0	26322	1
72773_Q1	0	72773	1
30227_Q1	0	30227	1
70603_Q1	0	70603	1
74303_Q1	0	74303	1
29010_Q1	0	29010	1
84782_Q1	0	84782	1
29004_Q1	0	29004	1
97932_Q1	0	97932	1
30233_Q1	0	30233	1
77178_Q1	0	77178	1
100390_Q1	0	100390	1
24508_Q1	0	24508	1
38135_Q1	0	38135	1
24291_Q1	0	24291	1
25831_Q1	0	25831	1
25825_Q1	0	25825	1
94546_Q1	0	94546	1
40717_Q1	0	40717	1
54762_Q1	0	54762	1
84769_Q1	0	84769	1
65583_Q1	0	65583	1
86618_Q1	0	86618	1
77187_Q1	0	77187	1
70830_Q1	0	70830	1
79425_Q1	0	79425	1
84580_Q1	0	84580	1
39001_Q1	0	39001	1
26121_Q1	0	26121	1
91833_Q1	0	91833	1
87089_Q1	0	87089	1
80080_Q1	0	80080	1
70401_Q1	0	70401	1
66263_Q1	0	66263	1
37986_Q1	0	37986	1
70415_Q1	0	70415	1
32140_Q1	0	32140	1
96190_Q1	0	96190	1
79431_Q1	0	79431	1
39015_Q1	0	39015	1
79419_Q1	0	79419	1
60148_Q1	0	60148	1
40298_Q1	0	40298	1
24078_Q1	0	24078	1
31313_Q1	0	31313	1
47285_Q1	0	47285	1
26109_Q1	0	26109	1
84543_Q1	0	84543	1
49243_Q1	0	49243	1
69193_Q1	0	69193	1
60809_Q1	0	60809	1
24093_Q1	0	24093	1
54560_Q1	0	54560	1
23930_Q1	0	23930	1
24087_Q1	0	24087	1
86426_Q1	0	86426	1
69187_Q1	0	69187	1
37945_Q1	0	37945	1
49320_Q1	0	49320	1
86545_Q1	0	86545	1
99465_Q1	0	99465	1
90441_Q1	0	90441	1
26095_Q1	0	26095	1
41026_Q1	0	41026	1
102143_Q1	0	102143	1
93606_Q1	0	93606	1
85064_Q1	0	85064	1
55735_Q1	0	55735	1
74937_Q1	0	74937	1
86579_Q1	0	86579	1
73080_Q1	0	73080	1
87667_Q1	0	87667	1
102157_Q1	0	102157	1
99868_Q1	0	99868	1
76311_Q1	0	76311	1
49687_Q1	0	49687	1
26240_Q1	0	26240	1
90694_Q1	0	90694	1
24443_Q1	0	24443	1
30436_Q1	0	30436	1
49693_Q1	0	49693	1
26254_Q1	0	26254	1
76305_Q1	0	76305	1
22754_Q1	0	22754	1
25775_Q1	0	25775	1
55292_Q1	0	55292	1
38056_Q1	0	38056	1
68661_Q1	0	68661	1
102396_Q1	0	102396	1
25761_Q1	0	25761	1
54826_Q1	0	54826	1
98586_Q1	0	98586	1
78314_Q1	0	78314	1
70990_Q1	0	70990	1
82535_Q1	0	82535	1
96540_Q1	0	96540	1
25952_Q1	0	25952	1
88018_Q1	0	88018	1
26283_Q1	0	26283	1
49644_Q1	0	49644	1
84636_Q1	0	84636	1
26297_Q1	0	26297	1
49650_Q1	0	49650	1
69580_Q1	0	69580	1
25946_Q1	0	25946	1
80336_Q1	0	80336	1
81028_Q1	0	81028	1
96554_Q1	0	96554	1
84150_Q1	0	84150	1
99897_Q1	0	99897	1
85266_Q1	0	85266	1
93404_Q1	0	93404	1
79963_Q1	0	79963	1
100556_Q1	0	100556	1
87317_Q1	0	87317	1
100542_Q1	0	100542	1
79977_Q1	0	79977	1
85272_Q1	0	85272	1
96568_Q1	0	96568	1
22973_Q1	0	22973	1
100554_Q1	0	100554	1
40138_Q1	0	40138	1
94369_Q1	0	94369	1
85264_Q1	0	85264	1
97660_Q1	0	97660	1
58005_Q1	0	58005	1
85270_Q1	0	85270	1
39389_Q1	0	39389	1
87301_Q1	0	87301	1
49646_Q1	0	49646	1
92042_Q1	0	92042	1
94433_Q1	0	94433	1
26281_Q1	0	26281	1
25788_Q1	0	25788	1
101676_Q1	0	101676	1
25950_Q1	0	25950	1
22959_Q1	0	22959	1
54617_Q1	0	54617	1
86989_Q1	0	86989	1
40662_Q1	0	40662	1
82537_Q1	0	82537	1
85258_Q1	0	85258	1
84152_Q1	0	84152	1
38915_Q1	0	38915	1
97890_Q1	0	97890	1
96556_Q1	0	96556	1
90127_Q1	0	90127	1
22795_Q1	0	22795	1
49652_Q1	0	49652	1
69582_Q1	0	69582	1
68844_Q1	0	68844	1
94427_Q1	0	94427	1
26295_Q1	0	26295	1
84634_Q1	0	84634	1
55290_Q1	0	55290	1
101851_Q1	0	101851	1
25777_Q1	0	25777	1
70986_Q1	0	70986	1
54558_Q1	0	54558	1
74688_Q1	0	74688	1
83566_Q1	0	83566	1
39788_Q1	0	39788	1
85117_Q1	0	85117	1
48165_Q1	0	48165	1
39944_Q1	0	39944	1
87072_Q1	0	87072	1
70377_Q1	0	70377	1
39011_Q1	0	39011	1
77418_Q1	0	77418	1
94783_Q1	0	94783	1
79435_Q1	0	79435	1
30753_Q1	0	30753	1
86387_Q1	0	86387	1
96194_Q1	0	96194	1
98807_Q1	0	98807	1
59083_Q1	0	59083	1
70405_Q1	0	70405	1
46809_Q1	0	46809	1
26125_Q1	0	26125	1
79421_Q1	0	79421	1
98185_Q1	0	98185	1
47281_Q1	0	47281	1
100182_Q1	0	100182	1
39987_Q1	0	39987	1
31303_Q1	0	31303	1
39039_Q1	0	39039	1
26119_Q1	0	26119	1
75970_Q1	0	75970	1
86620_Q1	0	86620	1
96433_Q1	0	96433	1
94542_Q1	0	94542	1
84751_Q1	0	84751	1
31854_Q1	0	31854	1
84989_Q1	0	84989	1
25821_Q1	0	25821	1
25835_Q1	0	25835	1
90730_Q1	0	90730	1
68935_Q1	0	68935	1
97739_Q1	0	97739	1
77183_Q1	0	77183	1
59518_Q1	0	59518	1
84779_Q1	0	84779	1
25809_Q1	0	25809	1
65593_Q1	0	65593	1
85301_Q1	0	85301	1
94581_Q1	0	94581	1
39213_Q1	0	39213	1
84786_Q1	0	84786	1
74307_Q1	0	74307	1
72010_Q1	0	72010	1
23511_Q1	0	23511	1
100380_Q1	0	100380	1
63135_Q1	0	63135	1
39549_Q1	0	39549	1
78273_Q1	0	78273	1
40934_Q1	0	40934	1
49910_Q1	0	49910	1
88194_Q1	0	88194	1
58809_Q1	0	58809	1
29028_Q1	0	29028	1
29029_Q1	0	29029	1
58808_Q1	0	58808	1
23504_Q1	0	23504	1
47096_Q1	0	47096	1
40935_Q1	0	40935	1
39548_Q1	0	39548	1
63134_Q1	0	63134	1
23510_Q1	0	23510	1
24519_Q1	0	24519	1
88195_Q1	0	88195	1
49911_Q1	0	49911	1
74306_Q1	0	74306	1
84787_Q1	0	84787	1
24257_Q1	0	24257	1
72011_Q1	0	72011	1
72005_Q1	0	72005	1
30236_Q1	0	30236	1
94580_Q1	0	94580	1
29001_Q1	0	29001	1
25808_Q1	0	25808	1
84778_Q1	0	84778	1
66925_Q1	0	66925	1
77196_Q1	0	77196	1
65592_Q1	0	65592	1
75959_Q1	0	75959	1
77182_Q1	0	77182	1
48372_Q1	0	48372	1
70835_Q1	0	70835	1
55323_Q1	0	55323	1
84744_Q1	0	84744	1
90731_Q1	0	90731	1
25834_Q1	0	25834	1
24294_Q1	0	24294	1
96432_Q1	0	96432	1
86621_Q1	0	86621	1
25820_Q1	0	25820	1
84988_Q1	0	84988	1
31855_Q1	0	31855	1
93529_Q1	0	93529	1
64348_Q1	0	64348	1
87979_Q1	0	87979	1
98681_Q1	0	98681	1
102091_Q1	0	102091	1
30725_Q1	0	30725	1
31349_Q1	0	31349	1
76002_Q1	0	76002	1
61218_Q1	0	61218	1
79457_Q1	0	79457	1
84519_Q1	0	84519	1
85607_Q1	0	85607	1
95414_Q1	0	95414	1
85161_Q1	0	85161	1
97565_Q1	0	97565	1
86468_Q1	0	86468	1
53255_Q1	0	53255	1
85175_Q1	0	85175	1
51442_Q1	0	51442	1
85613_Q1	0	85613	1
75292_Q1	0	75292	1
87004_Q1	0	87004	1
84525_Q1	0	84525	1
46670_Q1	0	46670	1
23942_Q1	0	23942	1
82632_Q1	0	82632	1
85149_Q1	0	85149	1
90222_Q1	0	90222	1
52177_Q1	0	52177	1
86440_Q1	0	86440	1
87986_Q1	0	87986	1
55618_Q1	0	55618	1
40215_Q1	0	40215	1
56477_Q1	0	56477	1
41094_Q1	0	41094	1
62895_Q1	0	62895	1
65644_Q1	0	65644	1
39891_Q1	0	39891	1
38543_Q1	0	38543	1
71625_Q1	0	71625	1
31201_Q1	0	31201	1
65650_Q1	0	65650	1
68412_Q1	0	68412	1
97388_Q1	0	97388	1
91921_Q1	0	91921	1
84492_Q1	0	84492	1
79537_Q1	0	79537	1
30137_Q1	0	30137	1
90381_Q1	0	90381	1
98905_Q1	0	98905	1
90395_Q1	0	90395	1
30123_Q1	0	30123	1
84486_Q1	0	84486	1
39107_Q1	0	39107	1
86291_Q1	0	86291	1
95560_Q1	0	95560	1
40349_Q1	0	40349	1
85015_Q1	0	85015	1
51522_Q1	0	51522	1
26972_Q1	0	26972	1
55744_Q1	0	55744	1
91060_Q1	0	91060	1
98722_Q1	0	98722	1
38580_Q1	0	38580	1
41043_Q1	0	41043	1
97363_Q1	0	97363	1
78832_Q1	0	78832	1
40375_Q1	0	40375	1
98078_Q1	0	98078	1
87158_Q1	0	87158	1
86246_Q1	0	86246	1
50600_Q1	0	50600	1
37857_Q1	0	37857	1
92541_Q1	0	92541	1
86252_Q1	0	86252	1
78826_Q1	0	78826	1
78371_Q1	0	78371	1
32278_Q1	0	32278	1
90801_Q1	0	90801	1
23375_Q1	0	23375	1
98291_Q1	0	98291	1
25710_Q1	0	25710	1
22719_Q1	0	22719	1
38999_Q1	0	38999	1
56098_Q1	0	56098	1
80390_Q1	0	80390	1
49190_Q1	0	49190	1
30453_Q1	0	30453	1
84690_Q1	0	84690	1
87399_Q1	0	87399	1
25738_Q1	0	25738	1
72660_Q1	0	72660	1
72674_Q1	0	72674	1
29116_Q1	0	29116	1
49184_Q1	0	49184	1
85217_Q1	0	85217	1
84109_Q1	0	84109	1
79912_Q1	0	79912	1
87366_Q1	0	87366	1
100396_Q1	0	100396	1
47095_Q1	0	47095	1
26319_Q1	0	26319	1
72748_Q1	0	72748	1
84790_Q1	0	84790	1
39211_Q1	0	39211	1
68738_Q1	0	68738	1
94583_Q1	0	94583	1
26331_Q1	0	26331	1
72006_Q1	0	72006	1
30235_Q1	0	30235	1
39577_Q1	0	39577	1
70605_Q1	0	70605	1
90929_Q1	0	90929	1
84784_Q1	0	84784	1
54758_Q1	0	54758	1
70836_Q1	0	70836	1
77195_Q1	0	77195	1
38682_Q1	0	38682	1
65591_Q1	0	65591	1
66926_Q1	0	66926	1
25823_Q1	0	25823	1
31856_Q1	0	31856	1
40077_Q1	0	40077	1
40711_Q1	0	40711	1
96431_Q1	0	96431	1
54764_Q1	0	54764	1
68937_Q1	0	68937	1
84747_Q1	0	84747	1
25837_Q1	0	25837	1
55308_Q1	0	55308	1
47283_Q1	0	47283	1
31315_Q1	0	31315	1
31301_Q1	0	31301	1
55693_Q1	0	55693	1
100194_Q1	0	100194	1
70413_Q1	0	70413	1
97288_Q1	0	97288	1
79437_Q1	0	79437	1
30751_Q1	0	30751	1
70375_Q1	0	70375	1
79423_Q1	0	79423	1
26127_Q1	0	26127	1
39007_Q1	0	39007	1
91835_Q1	0	91835	1
98811_Q1	0	98811	1
82849_Q1	0	82849	1
70407_Q1	0	70407	1
39952_Q1	0	39952	1
51422_Q1	0	51422	1
48173_Q1	0	48173	1
83564_Q1	0	83564	1
81373_Q1	0	81373	1
98144_Q1	0	98144	1
40249_Q1	0	40249	1
52659_Q1	0	52659	1
80079_Q1	0	80079	1
39946_Q1	0	39946	1
80051_Q1	0	80051	1
82646_Q1	0	82646	1
37943_Q1	0	37943	1
52665_Q1	0	52665	1
84545_Q1	0	84545	1
92327_Q1	0	92327	1
69195_Q1	0	69195	1
49245_Q1	0	49245	1
80045_Q1	0	80045	1
86434_Q1	0	86434	1
24095_Q1	0	24095	1
23665_Q1	0	23665	1
65630_Q1	0	65630	1
66339_Q1	0	66339	1
60990_Q1	0	60990	1
50853_Q1	0	50853	1
28730_Q1	0	28730	1
47491_Q1	0	47491	1
78661_Q1	0	78661	1
71123_Q1	0	71123	1
47485_Q1	0	47485	1
78675_Q1	0	78675	1
60984_Q1	0	60984	1
72358_Q1	0	72358	1
77208_Q1	0	77208	1
82929_Q1	0	82929	1
74701_Q1	0	74701	1
39167_Q1	0	39167	1
26047_Q1	0	26047	1
79543_Q1	0	79543	1
26053_Q1	0	26053	1
30631_Q1	0	30631	1
90487_Q1	0	90487	1
89868_Q1	0	89868	1
86583_Q1	0	86583	1
98965_Q1	0	98965	1
70598_Q1	0	70598	1
85061_Q1	0	85061	1
86568_Q1	0	86568	1
47446_Q1	0	47446	1
75392_Q1	0	75392	1
87662_Q1	0	87662	1
79900_Q1	0	79900	1
85205_Q1	0	85205	1
97615_Q1	0	97615	1
38948_Q1	0	38948	1
79914_Q1	0	79914	1
87360_Q1	0	87360	1
84119_Q1	0	84119	1
85207_Q1	0	85207	1
79902_Q1	0	79902	1
85575_Q1	0	85575	1
85213_Q1	0	85213	1
97617_Q1	0	97617	1
84125_Q1	0	84125	1
82554_Q1	0	82554	1
80343_Q1	0	80343	1
88079_Q1	0	88079	1
56705_Q1	0	56705	1
68833_Q1	0	68833	1
40173_Q1	0	40173	1
24387_Q1	0	24387	1
80357_Q1	0	80357	1
84131_Q1	0	84131	1
82540_Q1	0	82540	1
59344_Q1	0	59344	1
25714_Q1	0	25714	1
98295_Q1	0	98295	1
40198_Q1	0	40198	1
51081_Q1	0	51081	1
72658_Q1	0	72658	1
40832_Q1	0	40832	1
22721_Q1	0	22721	1
38779_Q1	0	38779	1
39301_Q1	0	39301	1
72670_Q1	0	72670	1
25728_Q1	0	25728	1
53872_Q1	0	53872	1
72664_Q1	0	72664	1
95799_Q1	0	95799	1
30457_Q1	0	30457	1
97830_Q1	0	97830	1
97367_Q1	0	97367	1
41047_Q1	0	41047	1
51532_Q1	0	51532	1
88521_Q1	0	88521	1
74942_Q1	0	74942	1
88535_Q1	0	88535	1
99438_Q1	0	99438	1
26976_Q1	0	26976	1
51526_Q1	0	51526	1
49369_Q1	0	49369	1
38590_Q1	0	38590	1
52749_Q1	0	52749	1
87160_Q1	0	87160	1
86256_Q1	0	86256	1
98068_Q1	0	98068	1
54476_Q1	0	54476	1
23826_Q1	0	23826	1
40403_Q1	0	40403	1
37853_Q1	0	37853	1
91058_Q1	0	91058	1
94646_Q1	0	94646	1
38221_Q1	0	38221	1
62885_Q1	0	62885	1
65654_Q1	0	65654	1
74981_Q1	0	74981	1
72328_Q1	0	72328	1
28998_Q1	0	28998	1
65640_Q1	0	65640	1
89830_Q1	0	89830	1
62891_Q1	0	62891	1
68402_Q1	0	68402	1
97398_Q1	0	97398	1
86295_Q1	0	86295	1
39103_Q1	0	39103	1
90391_Q1	0	90391	1
23629_Q1	0	23629	1
90385_Q1	0	90385	1
68358_Q1	0	68358	1
26989_Q1	0	26989	1
30133_Q1	0	30133	1
39117_Q1	0	39117	1
26037_Q1	0	26037	1
86281_Q1	0	86281	1
75296_Q1	0	75296	1
85617_Q1	0	85617	1
48671_Q1	0	48671	1
39936_Q1	0	39936	1
95362_Q1	0	95362	1
53251_Q1	0	53251	1
97561_Q1	0	97561	1
89987_Q1	0	89987	1
46648_Q1	0	46648	1
41127_Q1	0	41127	1
40239_Q1	0	40239	1
97207_Q1	0	97207	1
91886_Q1	0	91886	1
89777_Q1	0	89777	1
86444_Q1	0	86444	1
87982_Q1	0	87982	1
94040_Q1	0	94040	1
94480_Q1	0	94480	1
72663_Q1	0	72663	1
39474_Q1	0	39474	1
31028_Q1	0	31028	1
85200_Q1	0	85200	1
72688_Q1	0	72688	1
87371_Q1	0	87371	1
84678_Q1	0	84678	1
79905_Q1	0	79905	1
40148_Q1	0	40148	1
60298_Q1	0	60298	1
79911_Q1	0	79911	1
101174_Q1	0	101174	1
80344_Q1	0	80344	1
91249_Q1	0	91249	1
82553_Q1	0	82553	1
47169_Q1	0	47169	1
79939_Q1	0	79939	1
92026_Q1	0	92026	1
68834_Q1	0	68834	1
87359_Q1	0	87359	1
72878_Q1	0	72878	1
82547_Q1	0	82547	1
59343_Q1	0	59343	1
85228_Q1	0	85228	1
84136_Q1	0	84136	1
80350_Q1	0	80350	1
24380_Q1	0	24380	1
87302_Q1	0	87302	1
100543_Q1	0	100543	1
22972_Q1	0	22972	1
96569_Q1	0	96569	1
58006_Q1	0	58006	1
40649_Q1	0	40649	1
85273_Q1	0	85273	1
85267_Q1	0	85267	1
22966_Q1	0	22966	1
98550_Q1	0	98550	1
97663_Q1	0	97663	1
97105_Q1	0	97105	1
100557_Q1	0	100557	1
38080_Q1	0	38080	1
79962_Q1	0	79962	1
25947_Q1	0	25947	1
69581_Q1	0	69581	1
26296_Q1	0	26296	1
84151_Q1	0	84151	1
57309_Q1	0	57309	1
23488_Q1	0	23488	1
96555_Q1	0	96555	1
81029_Q1	0	81029	1
80337_Q1	0	80337	1
40661_Q1	0	40661	1
49645_Q1	0	49645	1
25953_Q1	0	25953	1
23311_Q1	0	23311	1
25760_Q1	0	25760	1
102397_Q1	0	102397	1
68660_Q1	0	68660	1
38057_Q1	0	38057	1
70991_Q1	0	70991	1
78315_Q1	0	78315	1
98587_Q1	0	98587	1
54827_Q1	0	54827	1
70985_Q1	0	70985	1
55293_Q1	0	55293	1
101852_Q1	0	101852	1
25774_Q1	0	25774	1
26255_Q1	0	26255	1
39375_Q1	0	39375	1
24442_Q1	0	24442	1
62417_Q1	0	62417	1
76304_Q1	0	76304	1
76310_Q1	0	76310	1
26241_Q1	0	26241	1
49686_Q1	0	49686	1
87666_Q1	0	87666	1
88555_Q1	0	88555	1
86578_Q1	0	86578	1
57651_Q1	0	57651	1
102142_Q1	0	102142	1
41027_Q1	0	41027	1
38282_Q1	0	38282	1
75382_Q1	0	75382	1
73095_Q1	0	73095	1
55734_Q1	0	55734	1
85065_Q1	0	85065	1
86544_Q1	0	86544	1
40477_Q1	0	40477	1
26094_Q1	0	26094	1
90440_Q1	0	90440	1
98008_Q1	0	98008	1
90454_Q1	0	90454	1
26080_Q1	0	26080	1
78842_Q1	0	78842	1
49321_Q1	0	49321	1
53379_Q1	0	53379	1
96970_Q1	0	96970	1
98785_Q1	0	98785	1
77224_Q1	0	77224	1
84557_Q1	0	84557	1
85649_Q1	0	85649	1
70398_Q1	0	70398	1
86368_Q1	0	86368	1
97503_Q1	0	97503	1
81361_Q1	0	81361	1
48161_Q1	0	48161	1
60821_Q1	0	60821	1
66288_Q1	0	66288	1
51424_Q1	0	51424	1
83562_Q1	0	83562	1
40529_Q1	0	40529	1
81375_Q1	0	81375	1
98142_Q1	0	98142	1
94778_Q1	0	94778	1
26055_Q1	0	26055	1
24124_Q1	0	24124	1
24130_Q1	0	24130	1
26041_Q1	0	26041	1
71119_Q1	0	71119	1
79545_Q1	0	79545	1
75357_Q1	0	75357	1
46945_Q1	0	46945	1
78673_Q1	0	78673	1
71131_Q1	0	71131	1
60982_Q1	0	60982	1
53390_Q1	0	53390	1
23663_Q1	0	23663	1
60996_Q1	0	60996	1
78667_Q1	0	78667	1
71125_Q1	0	71125	1
90442_Q1	0	90442	1
53409_Q1	0	53409	1
26096_Q1	0	26096	1
86546_Q1	0	86546	1
23688_Q1	0	23688	1
86552_Q1	0	86552	1
40461_Q1	0	40461	1
31298_Q1	0	31298	1
78840_Q1	0	78840	1
26082_Q1	0	26082	1
90456_Q1	0	90456	1
99314_Q1	0	99314	1
38294_Q1	0	38294	1
41031_Q1	0	41031	1
87664_Q1	0	87664	1
60799_Q1	0	60799	1
39834_Q1	0	39834	1
85073_Q1	0	85073	1
93605_Q1	0	93605	1
85067_Q1	0	85067	1
87670_Q1	0	87670	1
101449_Q1	0	101449	1
55050_Q1	0	55050	1
41025_Q1	0	41025	1
76306_Q1	0	76306	1
75169_Q1	0	75169	1
24440_Q1	0	24440	1
30435_Q1	0	30435	1
49690_Q1	0	49690	1
29164_Q1	0	29164	1
26243_Q1	0	26243	1
80484_Q1	0	80484	1
24454_Q1	0	24454	1
98585_Q1	0	98585	1
40688_Q1	0	40688	1
68662_Q1	0	68662	1
25762_Q1	0	25762	1
23313_Q1	0	23313	1
25776_Q1	0	25776	1
70987_Q1	0	70987	1
96557_Q1	0	96557	1
38914_Q1	0	38914	1
84635_Q1	0	84635	1
68845_Q1	0	68845	1
69583_Q1	0	69583	1
25945_Q1	0	25945	1
25951_Q1	0	25951	1
101677_Q1	0	101677	1
26280_Q1	0	26280	1
94432_Q1	0	94432	1
92043_Q1	0	92043	1
85259_Q1	0	85259	1
82536_Q1	0	82536	1
40663_Q1	0	40663	1
22958_Q1	0	22958	1
85271_Q1	0	85271	1
58004_Q1	0	58004	1
22970_Q1	0	22970	1
100541_Q1	0	100541	1
74288_Q1	0	74288	1
87300_Q1	0	87300	1
38096_Q1	0	38096	1
40139_Q1	0	40139	1
100555_Q1	0	100555	1
98552_Q1	0	98552	1
97661_Q1	0	97661	1
22964_Q1	0	22964	1
40887_Q1	0	40887	1
85265_Q1	0	85265	1
51542_Q1	0	51542	1
97459_Q1	0	97459	1
47308_Q1	0	47308	1
78846_Q1	0	78846	1
26084_Q1	0	26084	1
40301_Q1	0	40301	1
90450_Q1	0	90450	1
26090_Q1	0	26090	1
57669_Q1	0	57669	1
49331_Q1	0	49331	1
86540_Q1	0	86540	1
25770_Q1	0	25770	1
101856_Q1	0	101856	1
26279_Q1	0	26279	1
54837_Q1	0	54837	1
98583_Q1	0	98583	1
78311_Q1	0	78311	1
68664_Q1	0	68664	1
25764_Q1	0	25764	1
26245_Q1	0	26245	1
90691_Q1	0	90691	1
80482_Q1	0	80482	1
78339_Q1	0	78339	1
39417_Q1	0	39417	1
85288_Q1	0	85288	1
25758_Q1	0	25758	1
62413_Q1	0	62413	1
30433_Q1	0	30433	1
29162_Q1	0	29162	1
26251_Q1	0	26251	1
39371_Q1	0	39371	1
68658_Q1	0	68658	1
97667_Q1	0	97667	1
98554_Q1	0	98554	1
85263_Q1	0	85263	1
40895_Q1	0	40895	1
85277_Q1	0	85277	1
80469_Q1	0	80469	1
38090_Q1	0	38090	1
94434_Q1	0	94434	1
26286_Q1	0	26286	1
92045_Q1	0	92045	1
40665_Q1	0	40665	1
80327_Q1	0	80327	1
96551_Q1	0	96551	1
93429_Q1	0	93429	1
40671_Q1	0	40671	1
38912_Q1	0	38912	1
26292_Q1	0	26292	1
84633_Q1	0	84633	1
69585_Q1	0	69585	1
25943_Q1	0	25943	1
94439_Q1	0	94439	1
79957_Q1	0	79957	1
93430_Q1	0	93430	1
23495_Q1	0	23495	1
97656_Q1	0	97656	1
69588_Q1	0	69588	1
39397_Q1	0	39397	1
54621_Q1	0	54621	1
94363_Q1	0	94363	1
38923_Q1	0	38923	1
54635_Q1	0	54635	1
39383_Q1	0	39383	1
26248_Q1	0	26248	1
39368_Q1	0	39368	1
38076_Q1	0	38076	1
40873_Q1	0	40873	1
85291_Q1	0	85291	1
78334_Q1	0	78334	1
85285_Q1	0	85285	1
67200_Q1	0	67200	1
54812_Q1	0	54812	1
23442_Q1	0	23442	1
22984_Q1	0	22984	1
90688_Q1	0	90688	1
53833_Q1	0	53833	1
39354_Q1	0	39354	1
47846_Q1	0	47846	1
76325_Q1	0	76325	1
69205_Q1	0	69205	1
40697_Q1	0	40697	1
40683_Q1	0	40683	1
69577_Q1	0	69577	1
25769_Q1	0	25769	1
99479_Q1	0	99479	1
49328_Q1	0	49328	1
39817_Q1	0	39817	1
93632_Q1	0	93632	1
26089_Q1	0	26089	1
52708_Q1	0	52708	1
53402_Q1	0	53402	1
60976_Q1	0	60976	1
31287_Q1	0	31287	1
88560_Q1	0	88560	1
40456_Q1	0	40456	1
86565_Q1	0	86565	1
86203_Q1	0	86203	1
78863_Q1	0	78863	1
52720_Q1	0	52720	1
96004_Q1	0	96004	1
86571_Q1	0	86571	1
60792_Q1	0	60792	1
89871_Q1	0	89871	1
38274_Q1	0	38274	1
75360_Q1	0	75360	1
23898_Q1	0	23898	1
89865_Q1	0	89865	1
77211_Q1	0	77211	1
82930_Q1	0	82930	1
24107_Q1	0	24107	1
67994_Q1	0	67994	1
26076_Q1	0	26076	1
100947_Q1	0	100947	1
47488_Q1	0	47488	1
26062_Q1	0	26062	1
78678_Q1	0	78678	1
40481_Q1	0	40481	1
31278_Q1	0	31278	1
60989_Q1	0	60989	1
98954_Q1	0	98954	1
72355_Q1	0	72355	1
65629_Q1	0	65629	1
74863_Q1	0	74863	1
81342_Q1	0	81342	1
85642_Q1	0	85642	1
97246_Q1	0	97246	1
62973_Q1	0	62973	1
55107_Q1	0	55107	1
41172_Q1	0	41172	1
60802_Q1	0	60802	1
69198_Q1	0	69198	1
86439_Q1	0	86439	1
81356_Q1	0	81356	1
80048_Q1	0	80048	1
85118_Q1	0	85118	1
54557_Q1	0	54557	1
23907_Q1	0	23907	1
86377_Q1	0	86377	1
59715_Q1	0	59715	1
40244_Q1	0	40244	1
70387_Q1	0	70387	1
84574_Q1	0	84574	1
70393_Q1	0	70393	1
80074_Q1	0	80074	1
82663_Q1	0	82663	1
82850_Q1	0	82850	1
39778_Q1	0	39778	1
48181_Q1	0	48181	1
81381_Q1	0	81381	1
87096_Q1	0	87096	1
97285_Q1	0	97285	1
70378_Q1	0	70378	1
91838_Q1	0	91838	1
82844_Q1	0	82844	1
58386_Q1	0	58386	1
70422_Q1	0	70422	1
26664_Q1	0	26664	1
29231_Q1	0	29231	1
26102_Q1	0	26102	1
79406_Q1	0	79406	1
52683_Q1	0	52683	1
24701_Q1	0	24701	1
72547_Q1	0	72547	1
40293_Q1	0	40293	1
60143_Q1	0	60143	1
39036_Q1	0	39036	1
39988_Q1	0	39988	1
66254_Q1	0	66254	1
70436_Q1	0	70436	1
23287_Q1	0	23287	1
84986_Q1	0	84986	1
97736_Q1	0	97736	1
96428_Q1	0	96428	1
94559_Q1	0	94559	1
84992_Q1	0	84992	1
94571_Q1	0	94571	1
25812_Q1	0	25812	1
72792_Q1	0	72792	1
101734_Q1	0	101734	1
101046_Q1	0	101046	1
72786_Q1	0	72786	1
25806_Q1	0	25806	1
84776_Q1	0	84776	1
40052_Q1	0	40052	1
90930_Q1	0	90930	1
23522_Q1	0	23522	1
40913_Q1	0	40913	1
25147_Q1	0	25147	1
74308_Q1	0	74308	1
84789_Q1	0	84789	1
39208_Q1	0	39208	1
72751_Q1	0	72751	1
26300_Q1	0	26300	1
39546_Q1	0	39546	1
75994_Q1	0	75994	1
101085_Q1	0	101085	1
47098_Q1	0	47098	1
60341_Q1	0	60341	1
86335_Q1	0	86335	1
41118_Q1	0	41118	1
84522_Q1	0	84522	1
86447_Q1	0	86447	1
87981_Q1	0	87981	1
37924_Q1	0	37924	1
94043_Q1	0	94043	1
85628_Q1	0	85628	1
79493_Q1	0	79493	1
84536_Q1	0	84536	1
86321_Q1	0	86321	1
38342_Q1	0	38342	1
79478_Q1	0	79478	1
98692_Q1	0	98692	1
24019_Q1	0	24019	1
38430_Q1	0	38430	1
39048_Q1	0	39048	1
72539_Q1	0	72539	1
25461_Q1	0	25461	1
79444_Q1	0	79444	1
100871_Q1	0	100871	1
23986_Q1	0	23986	1
76011_Q1	0	76011	1
85199_Q1	0	85199	1
76005_Q1	0	76005	1
72505_Q1	0	72505	1
79450_Q1	0	79450	1
73394_Q1	0	73394	1
81102_Q1	0	81102	1
91477_Q1	0	91477	1
48464_Q1	0	48464	1
66955_Q1	0	66955	1
81116_Q1	0	81116	1
70851_Q1	0	70851	1
38829_Q1	0	38829	1
56100_Q1	0	56100	1
68950_Q1	0	68950	1
87229_Q1	0	87229	1
25844_Q1	0	25844	1
84734_Q1	0	84734	1
40010_Q1	0	40010	1
68944_Q1	0	68944	1
40776_Q1	0	40776	1
75915_Q1	0	75915	1
97748_Q1	0	97748	1
86645_Q1	0	86645	1
65253_Q1	0	65253	1
97947_Q1	0	97947	1
90796_Q1	0	90796	1
60317_Q1	0	60317	1
75068_Q1	0	75068	1
51860_Q1	0	51860	1
75069_Q1	0	75069	1
60302_Q1	0	60302	1
51861_Q1	0	51861	1
97952_Q1	0	97952	1
39505_Q1	0	39505	1
72712_Q1	0	72712	1
90797_Q1	0	90797	1
38155_Q1	0	38155	1
73424_Q1	0	73424	1
100496_Q1	0	100496	1
73430_Q1	0	73430	1
38141_Q1	0	38141	1
69483_Q1	0	69483	1
68945_Q1	0	68945	1
24583_Q1	0	24583	1
25845_Q1	0	25845	1
86644_Q1	0	86644	1
75914_Q1	0	75914	1
50564_Q1	0	50564	1
40777_Q1	0	40777	1
38814_Q1	0	38814	1
87228_Q1	0	87228	1
68951_Q1	0	68951	1
51120_Q1	0	51120	1
66954_Q1	0	66954	1
48471_Q1	0	48471	1
56897_Q1	0	56897	1
93275_Q1	0	93275	1
70850_Q1	0	70850	1
61785_Q1	0	61785	1
81117_Q1	0	81117	1
99758_Q1	0	99758	1
81103_Q1	0	81103	1
47030_Q1	0	47030	1
70844_Q1	0	70844	1
91476_Q1	0	91476	1
39713_Q1	0	39713	1
76004_Q1	0	76004	1
79451_Q1	0	79451	1
29266_Q1	0	29266	1
24742_Q1	0	24742	1
100870_Q1	0	100870	1
98877_Q1	0	98877	1
24018_Q1	0	24018	1
25460_Q1	0	25460	1
100680_Q1	0	100680	1
61222_Q1	0	61222	1
79479_Q1	0	79479	1
84750_Q1	0	84750	1
94543_Q1	0	94543	1
26118_Q1	0	26118	1
39038_Q1	0	39038	1
59900_Q1	0	59900	1
100183_Q1	0	100183	1
47280_Q1	0	47280	1
70404_Q1	0	70404	1
58388_Q1	0	58388	1
79420_Q1	0	79420	1
26124_Q1	0	26124	1
91836_Q1	0	91836	1
96195_Q1	0	96195	1
86386_Q1	0	86386	1
30752_Q1	0	30752	1
79434_Q1	0	79434	1
94782_Q1	0	94782	1
26130_Q1	0	26130	1
39776_Q1	0	39776	1
48164_Q1	0	48164	1
87073_Q1	0	87073	1
98147_Q1	0	98147	1
70389_Q1	0	70389	1
60824_Q1	0	60824	1
83567_Q1	0	83567	1
23909_Q1	0	23909	1
54559_Q1	0	54559	1
81370_Q1	0	81370	1
69196_Q1	0	69196	1
37954_Q1	0	37954	1
80046_Q1	0	80046	1
86437_Q1	0	86437	1
81358_Q1	0	81358	1
55109_Q1	0	55109	1
52666_Q1	0	52666	1
84546_Q1	0	84546	1
40276_Q1	0	40276	1
92330_Q1	0	92330	1
24082_Q1	0	24082	1
77223_Q1	0	77223	1
31276_Q1	0	31276	1
53395_Q1	0	53395	1
23672_Q1	0	23672	1
78676_Q1	0	78676	1
47492_Q1	0	47492	1
78662_Q1	0	78662	1
71120_Q1	0	71120	1
25571_Q1	0	25571	1
24109_Q1	0	24109	1
65633_Q1	0	65633	1
60993_Q1	0	60993	1
50850_Q1	0	50850	1
82916_Q1	0	82916	1
85089_Q1	0	85089	1
60005_Q1	0	60005	1
26050_Q1	0	26050	1
30632_Q1	0	30632	1
79554_Q1	0	79554	1
26044_Q1	0	26044	1
79540_Q1	0	79540	1
74702_Q1	0	74702	1
87661_Q1	0	87661	1
73086_Q1	0	73086	1
51541_Q1	0	51541	1
39831_Q1	0	39831	1
75391_Q1	0	75391	1
47451_Q1	0	47451	1
60788_Q1	0	60788	1
40458_Q1	0	40458	1
85062_Q1	0	85062	1
55733_Q1	0	55733	1
89880_Q1	0	89880	1
49332_Q1	0	49332	1
60978_Q1	0	60978	1
59647_Q1	0	59647	1
26093_Q1	0	26093	1
78845_Q1	0	78845	1
26087_Q1	0	26087	1
99311_Q1	0	99311	1
86557_Q1	0	86557	1
69579_Q1	0	69579	1
25767_Q1	0	25767	1
98580_Q1	0	98580	1
74528_Q1	0	74528	1
25773_Q1	0	25773	1
90876_Q1	0	90876	1
101855_Q1	0	101855	1
47848_Q1	0	47848	1
90686_Q1	0	90686	1
30430_Q1	0	30430	1
26252_Q1	0	26252	1
39414_Q1	0	39414	1
54808_Q1	0	54808	1
71478_Q1	0	71478	1
38078_Q1	0	38078	1
26246_Q1	0	26246	1
90692_Q1	0	90692	1
80481_Q1	0	80481	1
87305_Q1	0	87305	1
85274_Q1	0	85274	1
80409_Q1	0	80409	1
91510_Q1	0	91510	1
79906_Q1	0	79906	1
85203_Q1	0	85203	1
38972_Q1	0	38972	1
24383_Q1	0	24383	1
94454_Q1	0	94454	1
84647_Q1	0	84647	1
92025_Q1	0	92025	1
68837_Q1	0	68837	1
80347_Q1	0	80347	1
82550_Q1	0	82550	1
84121_Q1	0	84121	1
72879_Q1	0	72879	1
24381_Q1	0	24381	1
80351_Q1	0	80351	1
84137_Q1	0	84137	1
85229_Q1	0	85229	1
59342_Q1	0	59342	1
84123_Q1	0	84123	1
47168_Q1	0	47168	1
82552_Q1	0	82552	1
91248_Q1	0	91248	1
80345_Q1	0	80345	1
101175_Q1	0	101175	1
79938_Q1	0	79938	1
40161_Q1	0	40161	1
60299_Q1	0	60299	1
40149_Q1	0	40149	1
85215_Q1	0	85215	1
87402_Q1	0	87402	1
97605_Q1	0	97605	1
79904_Q1	0	79904	1
72689_Q1	0	72689	1
72662_Q1	0	72662	1
39475_Q1	0	39475	1
23439_Q1	0	23439	1
39461_Q1	0	39461	1
85598_Q1	0	85598	1
72676_Q1	0	72676	1
90803_Q1	0	90803	1
99199_Q1	0	99199	1
73226_Q1	0	73226	1
38757_Q1	0	38757	1
78373_Q1	0	78373	1
78367_Q1	0	78367	1
90817_Q1	0	90817	1
25712_Q1	0	25712	1
88080_Q1	0	88080	1
62868_Q1	0	62868	1
41069_Q1	0	41069	1
56501_Q1	0	56501	1
86250_Q1	0	86250	1
90432_Q1	0	90432	1
32093_Q1	0	32093	1
98708_Q1	0	98708	1
39878_Q1	0	39878	1
92543_Q1	0	92543	1
37855_Q1	0	37855	1
98720_Q1	0	98720	1
85017_Q1	0	85017	1
26970_Q1	0	26970	1
39688_Q1	0	39688	1
41055_Q1	0	41055	1
86278_Q1	0	86278	1
101439_Q1	0	101439	1
41041_Q1	0	41041	1
38582_Q1	0	38582	1
88527_Q1	0	88527	1
90383_Q1	0	90383	1
30135_Q1	0	30135	1
84490_Q1	0	84490	1
86287_Q1	0	86287	1
100914_Q1	0	100914	1
86293_Q1	0	86293	1
39105_Q1	0	39105	1
84484_Q1	0	84484	1
37896_Q1	0	37896	1
30121_Q1	0	30121	1
39893_Q1	0	39893	1
38555_Q1	0	38555	1
65646_Q1	0	65646	1
62897_Q1	0	62897	1
68404_Q1	0	68404	1
41082_Q1	0	41082	1
62883_Q1	0	62883	1
65652_Q1	0	65652	1
22519_Q1	0	22519	1
39918_Q1	0	39918	1
99576_Q1	0	99576	1
81339_Q1	0	81339	1
23940_Q1	0	23940	1
86330_Q1	0	86330	1
52607_Q1	0	52607	1
79482_Q1	0	79482	1
84527_Q1	0	84527	1
40203_Q1	0	40203	1
30928_Q1	0	30928	1
40217_Q1	0	40217	1
37927_Q1	0	37927	1
56315_Q1	0	56315	1
85159_Q1	0	85159	1
86450_Q1	0	86450	1
56467_Q1	0	56467	1
84521_Q1	0	84521	1
66229_Q1	0	66229	1
38427_Q1	0	38427	1
39739_Q1	0	39739	1
85818_Q1	0	85818	1
56498_Q1	0	56498	1
29264_Q1	0	29264	1
79453_Q1	0	79453	1
84290_Q1	0	84290	1
23749_Q1	0	23749	1
76012_Q1	0	76012	1
95389_Q1	0	95389	1
69132_Q1	0	69132	1
39063_Q1	0	39063	1
79447_Q1	0	79447	1
72512_Q1	0	72512	1
100872_Q1	0	100872	1
81115_Q1	0	81115	1
93277_Q1	0	93277	1
56895_Q1	0	56895	1
91474_Q1	0	91474	1
81101_Q1	0	81101	1
38816_Q1	0	38816	1
40775_Q1	0	40775	1
75916_Q1	0	75916	1
100319_Q1	0	100319	1
86646_Q1	0	86646	1
24581_Q1	0	24581	1
68947_Q1	0	68947	1
68953_Q1	0	68953	1
31198_Q1	0	31198	1
50599_Q1	0	50599	1
24218_Q1	0	24218	1
63635_Q1	0	63635	1
25660_Q1	0	25660	1
73426_Q1	0	73426	1
90965_Q1	0	90965	1
39249_Q1	0	39249	1
68760_Q1	0	68760	1
38143_Q1	0	38143	1
95809_Q1	0	95809	1
97950_Q1	0	97950	1
86685_Q1	0	86685	1
60300_Q1	0	60300	1
72710_Q1	0	72710	1
99969_Q1	0	99969	1
68749_Q1	0	68749	1
84939_Q1	0	84939	1
84093_Q1	0	84093	1
51862_Q1	0	51862	1
65279_Q1	0	65279	1
26354_Q1	0	26354	1
60301_Q1	0	60301	1
100495_Q1	0	100495	1
95808_Q1	0	95808	1
27062_Q1	0	27062	1
24219_Q1	0	24219	1
40953_Q1	0	40953	1
68761_Q1	0	68761	1
39248_Q1	0	39248	1
38156_Q1	0	38156	1
73427_Q1	0	73427	1
68952_Q1	0	68952	1
31199_Q1	0	31199	1
38803_Q1	0	38803	1
56102_Q1	0	56102	1
86647_Q1	0	86647	1
100318_Q1	0	100318	1
75917_Q1	0	75917	1
40774_Q1	0	40774	1
68946_Q1	0	68946	1
24580_Q1	0	24580	1
25846_Q1	0	25846	1
38181_Q1	0	38181	1
91475_Q1	0	91475	1
81114_Q1	0	81114	1
66957_Q1	0	66957	1
93276_Q1	0	93276	1
56894_Q1	0	56894	1
48472_Q1	0	48472	1
95388_Q1	0	95388	1
23984_Q1	0	23984	1
91850_Q1	0	91850	1
100873_Q1	0	100873	1
79446_Q1	0	79446	1
39062_Q1	0	39062	1
26142_Q1	0	26142	1
79452_Q1	0	79452	1
30734_Q1	0	30734	1
29265_Q1	0	29265	1
24741_Q1	0	24741	1
23748_Q1	0	23748	1
56499_Q1	0	56499	1
61221_Q1	0	61221	1
38354_Q1	0	38354	1
26314_Q1	0	26314	1
29027_Q1	0	29027	1
72745_Q1	0	72745	1
24503_Q1	0	24503	1
101084_Q1	0	101084	1
24502_Q1	0	24502	1
26315_Q1	0	26315	1
39235_Q1	0	39235	1
26301_Q1	0	26301	1
30563_Q1	0	30563	1
53946_Q1	0	53946	1
72750_Q1	0	72750	1
39547_Q1	0	39547	1
25146_Q1	0	25146	1
48396_Q1	0	48396	1
26329_Q1	0	26329	1
84788_Q1	0	84788	1
39209_Q1	0	39209	1
72778_Q1	0	72778	1
74309_Q1	0	74309	1
90931_Q1	0	90931	1
50526_Q1	0	50526	1
77199_Q1	0	77199	1
84777_Q1	0	84777	1
72787_Q1	0	72787	1
25807_Q1	0	25807	1
25813_Q1	0	25813	1
72793_Q1	0	72793	1
94570_Q1	0	94570	1
39584_Q1	0	39584	1
40721_Q1	0	40721	1
40709_Q1	0	40709	1
96429_Q1	0	96429	1
97737_Q1	0	97737	1
87530_Q1	0	87530	1
39037_Q1	0	39037	1
72546_Q1	0	72546	1
24700_Q1	0	24700	1
66255_Q1	0	66255	1
26665_Q1	0	26665	1
70423_Q1	0	70423	1
39745_Q1	0	39745	1
52682_Q1	0	52682	1
39023_Q1	0	39023	1
26103_Q1	0	26103	1
97290_Q1	0	97290	1
30749_Q1	0	30749	1
58387_Q1	0	58387	1
82845_Q1	0	82845	1
81380_Q1	0	81380	1
98809_Q1	0	98809	1
74679_Q1	0	74679	1
39779_Q1	0	39779	1
70379_Q1	0	70379	1
97284_Q1	0	97284	1
87097_Q1	0	87097	1
75201_Q1	0	75201	1
70392_Q1	0	70392	1
84575_Q1	0	84575	1
92317_Q1	0	92317	1
82662_Q1	0	82662	1
23912_Q1	0	23912	1
23906_Q1	0	23906	1
54556_Q1	0	54556	1
80061_Q1	0	80061	1
85119_Q1	0	85119	1
37973_Q1	0	37973	1
40523_Q1	0	40523	1
70386_Q1	0	70386	1
59714_Q1	0	59714	1
86376_Q1	0	86376	1
41173_Q1	0	41173	1
55106_Q1	0	55106	1
80049_Q1	0	80049	1
81357_Q1	0	81357	1
86438_Q1	0	86438	1
85131_Q1	0	85131	1
60803_Q1	0	60803	1
81343_Q1	0	81343	1
74862_Q1	0	74862	1
98174_Q1	0	98174	1
41167_Q1	0	41167	1
85643_Q1	0	85643	1
78679_Q1	0	78679	1
26063_Q1	0	26063	1
47489_Q1	0	47489	1
65628_Q1	0	65628	1
72354_Q1	0	72354	1
98955_Q1	0	98955	1
24112_Q1	0	24112	1
60988_Q1	0	60988	1
31279_Q1	0	31279	1
24106_Q1	0	24106	1
100946_Q1	0	100946	1
82931_Q1	0	82931	1
77210_Q1	0	77210	1
23641_Q1	0	23641	1
65614_Q1	0	65614	1
89870_Q1	0	89870	1
65600_Q1	0	65600	1
92024_Q1	0	92024	1
82551_Q1	0	82551	1
101176_Q1	0	101176	1
80346_Q1	0	80346	1
24382_Q1	0	24382	1
80352_Q1	0	80352	1
59341_Q1	0	59341	1
47619_Q1	0	47619	1
85202_Q1	0	85202	1
84108_Q1	0	84108	1
85216_Q1	0	85216	1
80408_Q1	0	80408	1
97174_Q1	0	97174	1
79913_Q1	0	79913	1
72675_Q1	0	72675	1
22724_Q1	0	22724	1
80391_Q1	0	80391	1
72661_Q1	0	72661	1
25739_Q1	0	25739	1
84691_Q1	0	84691	1
30452_Q1	0	30452	1
72649_Q1	0	72649	1
98290_Q1	0	98290	1
25711_Q1	0	25711	1
40823_Q1	0	40823	1
38740_Q1	0	38740	1
56099_Q1	0	56099	1
38998_Q1	0	38998	1
22718_Q1	0	22718	1
38754_Q1	0	38754	1
78370_Q1	0	78370	1
90800_Q1	0	90800	1
25705_Q1	0	25705	1
32279_Q1	0	32279	1
54473_Q1	0	54473	1
40406_Q1	0	40406	1
46711_Q1	0	46711	1
86253_Q1	0	86253	1
86247_Q1	0	86247	1
87159_Q1	0	87159	1
98079_Q1	0	98079	1
85028_Q1	0	85028	1
51537_Q1	0	51537	1
38581_Q1	0	38581	1
88524_Q1	0	88524	1
41042_Q1	0	41042	1
98723_Q1	0	98723	1
88530_Q1	0	88530	1
91061_Q1	0	91061	1
55745_Q1	0	55745	1
26973_Q1	0	26973	1
51523_Q1	0	51523	1
37895_Q1	0	37895	1
30122_Q1	0	30122	1
98910_Q1	0	98910	1
23638_Q1	0	23638	1
90394_Q1	0	90394	1
91934_Q1	0	91934	1
86290_Q1	0	86290	1
84487_Q1	0	84487	1
39106_Q1	0	39106	1
84493_Q1	0	84493	1
97389_Q1	0	97389	1
98904_Q1	0	98904	1
90380_Q1	0	90380	1
59180_Q1	0	59180	1
30136_Q1	0	30136	1
65651_Q1	0	65651	1
28989_Q1	0	28989	1
31200_Q1	0	31200	1
93879_Q1	0	93879	1
41081_Q1	0	41081	1
46936_Q1	0	46936	1
62880_Q1	0	62880	1
62894_Q1	0	62894	1
39890_Q1	0	39890	1
38556_Q1	0	38556	1
65645_Q1	0	65645	1
89835_Q1	0	89835	1
87987_Q1	0	87987	1
86441_Q1	0	86441	1
52176_Q1	0	52176	1
90223_Q1	0	90223	1
37922_Q1	0	37922	1
85148_Q1	0	85148	1
84530_Q1	0	84530	1
86333_Q1	0	86333	1
84524_Q1	0	84524	1
37936_Q1	0	37936	1
82633_Q1	0	82633	1
87993_Q1	0	87993	1
86455_Q1	0	86455	1
23943_Q1	0	23943	1
51443_Q1	0	51443	1
85174_Q1	0	85174	1
53254_Q1	0	53254	1
87005_Q1	0	87005	1
75293_Q1	0	75293	1
85612_Q1	0	85612	1
40228_Q1	0	40228	1
60797_Q1	0	60797	1
78866_Q1	0	78866	1
52725_Q1	0	52725	1
41017_Q1	0	41017	1
53413_Q1	0	53413	1
87642_Q1	0	87642	1
47300_Q1	0	47300	1
31296_Q1	0	31296	1
86548_Q1	0	86548	1
52719_Q1	0	52719	1
53407_Q1	0	53407	1
67991_Q1	0	67991	1
24102_Q1	0	24102	1
74735_Q1	0	74735	1
66331_Q1	0	66331	1
60998_Q1	0	60998	1
39621_Q1	0	39621	1
66325_Q1	0	66325	1
72350_Q1	0	72350	1
23679_Q1	0	23679	1
75359_Q1	0	75359	1
38259_Q1	0	38259	1
67985_Q1	0	67985	1
79563_Q1	0	79563	1
25546_Q1	0	25546	1
71117_Q1	0	71117	1
77200_Q1	0	77200	1
65604_Q1	0	65604	1
82935_Q1	0	82935	1
77214_Q1	0	77214	1
28710_Q1	0	28710	1
85082_Q1	0	85082	1
25552_Q1	0	25552	1
75365_Q1	0	75365	1
86372_Q1	0	86372	1
86414_Q1	0	86414	1
80065_Q1	0	80065	1
54552_Q1	0	54552	1
23902_Q1	0	23902	1
86400_Q1	0	86400	1
80071_Q1	0	80071	1
23916_Q1	0	23916	1
94004_Q1	0	94004	1
66292_Q1	0	66292	1
82666_Q1	0	82666	1
92313_Q1	0	92313	1
84571_Q1	0	84571	1
70396_Q1	0	70396	1
41163_Q1	0	41163	1
84559_Q1	0	84559	1
97243_Q1	0	97243	1
87050_Q1	0	87050	1
24089_Q1	0	24089	1
60813_Q1	0	60813	1
69189_Q1	0	69189	1
85121_Q1	0	85121	1
83544_Q1	0	83544	1
60807_Q1	0	60807	1
85135_Q1	0	85135	1
39972_Q1	0	39972	1
40269_Q1	0	40269	1
26107_Q1	0	26107	1
79403_Q1	0	79403	1
99291_Q1	0	99291	1
39741_Q1	0	39741	1
66251_Q1	0	66251	1
93970_Q1	0	93970	1
24704_Q1	0	24704	1
60146_Q1	0	60146	1
26113_Q1	0	26113	1
79417_Q1	0	79417	1
87093_Q1	0	87093	1
82855_Q1	0	82855	1
81384_Q1	0	81384	1
25340_Q1	0	25340	1
23731_Q1	0	23731	1
39769_Q1	0	39769	1
86399_Q1	0	86399	1
87087_Q1	0	87087	1
98428_Q1	0	98428	1
40725_Q1	0	40725	1
38846_Q1	0	38846	1
77189_Q1	0	77189	1
94574_Q1	0	94574	1
31862_Q1	0	31862	1
25817_Q1	0	25817	1
72783_Q1	0	72783	1
80515_Q1	0	80515	1
84773_Q1	0	84773	1
38852_Q1	0	38852	1
65599_Q1	0	65599	1
93541_Q1	0	93541	1
40719_Q1	0	40719	1
94548_Q1	0	94548	1
51166_Q1	0	51166	1
84997_Q1	0	84997	1
80529_Q1	0	80529	1
97733_Q1	0	97733	1
39543_Q1	0	39543	1
24274_Q1	0	24274	1
85090_Q1	0	85090	1
65602_Q1	0	65602	1
40482_Q1	0	40482	1
38539_Q1	0	38539	1
50849_Q1	0	50849	1
24110_Q1	0	24110	1
72356_Q1	0	72356	1
26061_Q1	0	26061	1
67997_Q1	0	67997	1
100944_Q1	0	100944	1
24104_Q1	0	24104	1
60801_Q1	0	60801	1
90258_Q1	0	90258	1
87042_Q1	0	87042	1
92329_Q1	0	92329	1
41171_Q1	0	41171	1
85641_Q1	0	85641	1
41165_Q1	0	41165	1
52119_Q1	0	52119	1
81341_Q1	0	81341	1
83556_Q1	0	83556	1
23910_Q1	0	23910	1
40535_Q1	0	40535	1
82660_Q1	0	82660	1
39948_Q1	0	39948	1
66294_Q1	0	66294	1
84577_Q1	0	84577	1
88359_Q1	0	88359	1
86374_Q1	0	86374	1
46636_Q1	0	46636	1
59716_Q1	0	59716	1
40247_Q1	0	40247	1
70384_Q1	0	70384	1
86412_Q1	0	86412	1
23904_Q1	0	23904	1
80063_Q1	0	80063	1
54554_Q1	0	54554	1
23737_Q1	0	23737	1
26897_Q1	0	26897	1
82847_Q1	0	82847	1
70409_Q1	0	70409	1
58385_Q1	0	58385	1
26129_Q1	0	26129	1
87095_Q1	0	87095	1
79439_Q1	0	79439	1
48182_Q1	0	48182	1
58391_Q1	0	58391	1
81382_Q1	0	81382	1
24702_Q1	0	24702	1
26115_Q1	0	26115	1
39035_Q1	0	39035	1
79405_Q1	0	79405	1
52680_Q1	0	52680	1
70421_Q1	0	70421	1
39747_Q1	0	39747	1
26667_Q1	0	26667	1
84749_Q1	0	84749	1
68939_Q1	0	68939	1
25839_Q1	0	25839	1
55306_Q1	0	55306	1
97735_Q1	0	97735	1
101079_Q1	0	101079	1
87532_Q1	0	87532	1
84985_Q1	0	84985	1
31858_Q1	0	31858	1
25805_Q1	0	25805	1
80513_Q1	0	80513	1
84775_Q1	0	84775	1
94566_Q1	0	94566	1
40051_Q1	0	40051	1
40737_Q1	0	40737	1
101045_Q1	0	101045	1
86610_Q1	0	86610	1
94572_Q1	0	94572	1
31864_Q1	0	31864	1
25811_Q1	0	25811	1
23535_Q1	0	23535	1
25144_Q1	0	25144	1
72008_Q1	0	72008	1
48380_Q1	0	48380	1
90933_Q1	0	90933	1
49908_Q1	0	49908	1
60342_Q1	0	60342	1
53788_Q1	0	53788	1
72746_Q1	0	72746	1
24500_Q1	0	24500	1
100398_Q1	0	100398	1
23509_Q1	0	23509	1
75997_Q1	0	75997	1
101086_Q1	0	101086	1
39551_Q1	0	39551	1
39545_Q1	0	39545	1
40938_Q1	0	40938	1
72034_Q1	0	72034	1
26303_Q1	0	26303	1
63138_Q1	0	63138	1
40939_Q1	0	40939	1
39544_Q1	0	39544	1
38882_Q1	0	38882	1
26302_Q1	0	26302	1
29034_Q1	0	29034	1
38139_Q1	0	38139	1
24510_Q1	0	24510	1
75987_Q1	0	75987	1
39541_Q1	0	39541	1
75993_Q1	0	75993	1
101082_Q1	0	101082	1
74455_Q1	0	74455	1
72742_Q1	0	72742	1
24504_Q1	0	24504	1
60346_Q1	0	60346	1
26313_Q1	0	26313	1
40096_Q1	0	40096	1
24289_Q1	0	24289	1
25197_Q1	0	25197	1
78284_Q1	0	78284	1
97731_Q1	0	97731	1
84995_Q1	0	84995	1
25815_Q1	0	25815	1
31860_Q1	0	31860	1
47048_Q1	0	47048	1
39582_Q1	0	39582	1
86614_Q1	0	86614	1
38850_Q1	0	38850	1
84771_Q1	0	84771	1
25801_Q1	0	25801	1
81386_Q1	0	81386	1
70419_Q1	0	70419	1
84598_Q1	0	84598	1
87091_Q1	0	87091	1
97282_Q1	0	97282	1
87085_Q1	0	87085	1
96188_Q1	0	96188	1
82843_Q1	0	82843	1
39743_Q1	0	39743	1
47289_Q1	0	47289	1
70425_Q1	0	70425	1
26663_Q1	0	26663	1
52684_Q1	0	52684	1
26105_Q1	0	26105	1
79415_Q1	0	79415	1
26111_Q1	0	26111	1
60144_Q1	0	60144	1
39031_Q1	0	39031	1
55699_Q1	0	55699	1
66253_Q1	0	66253	1
39964_Q1	0	39964	1
60811_Q1	0	60811	1
37949_Q1	0	37949	1
83552_Q1	0	83552	1
81345_Q1	0	81345	1
87052_Q1	0	87052	1
88361_Q1	0	88361	1
97241_Q1	0	97241	1
98172_Q1	0	98172	1
85645_Q1	0	85645	1
41161_Q1	0	41161	1
85651_Q1	0	85651	1
87046_Q1	0	87046	1
98166_Q1	0	98166	1
23928_Q1	0	23928	1
82658_Q1	0	82658	1
60805_Q1	0	60805	1
85137_Q1	0	85137	1
80067_Q1	0	80067	1
86416_Q1	0	86416	1
81379_Q1	0	81379	1
51428_Q1	0	51428	1
40525_Q1	0	40525	1
37975_Q1	0	37975	1
84567_Q1	0	84567	1
70380_Q1	0	70380	1
59712_Q1	0	59712	1
86370_Q1	0	86370	1
88349_Q1	0	88349	1
84573_Q1	0	84573	1
82664_Q1	0	82664	1
39794_Q1	0	39794	1
80073_Q1	0	80073	1
90260_Q1	0	90260	1
32819_Q1	0	32819	1
86402_Q1	0	86402	1
65606_Q1	0	65606	1
79549_Q1	0	79549	1
71115_Q1	0	71115	1
75367_Q1	0	75367	1
26059_Q1	0	26059	1
77216_Q1	0	77216	1
50859_Q1	0	50859	1
40492_Q1	0	40492	1
57688_Q1	0	57688	1
67993_Q1	0	67993	1
24114_Q1	0	24114	1
72352_Q1	0	72352	1
66327_Q1	0	66327	1
39623_Q1	0	39623	1
31294_Q1	0	31294	1
93635_Q1	0	93635	1
87898_Q1	0	87898	1
75985_Q1	0	75985	1
24512_Q1	0	24512	1
60350_Q1	0	60350	1
40080_Q1	0	40080	1
26311_Q1	0	26311	1
60344_Q1	0	60344	1
24506_Q1	0	24506	1
101080_Q1	0	101080	1
74457_Q1	0	74457	1
75991_Q1	0	75991	1
38891_Q1	0	38891	1
54977_Q1	0	54977	1
99911_Q1	0	99911	1
77176_Q1	0	77176	1
90935_Q1	0	90935	1
38113_Q1	0	38113	1
54963_Q1	0	54963	1
97928_Q1	0	97928	1
97929_Q1	0	97929	1
40917_Q1	0	40917	1
77177_Q1	0	77177	1
90934_Q1	0	90934	1
72741_Q1	0	72741	1
24507_Q1	0	24507	1
40095_Q1	0	40095	1
26310_Q1	0	26310	1
60345_Q1	0	60345	1
69361_Q1	0	69361	1
70630_Q1	0	70630	1
75990_Q1	0	75990	1
74456_Q1	0	74456	1
101081_Q1	0	101081	1
75984_Q1	0	75984	1
39542_Q1	0	39542	1
29037_Q1	0	29037	1
72755_Q1	0	72755	1
80528_Q1	0	80528	1
102577_Q1	0	102577	1
97732_Q1	0	97732	1
40718_Q1	0	40718	1
93540_Q1	0	93540	1
94549_Q1	0	94549	1
80514_Q1	0	80514	1
72782_Q1	0	72782	1
65598_Q1	0	65598	1
38853_Q1	0	38853	1
77188_Q1	0	77188	1
86617_Q1	0	86617	1
98429_Q1	0	98429	1
25816_Q1	0	25816	1
31863_Q1	0	31863	1
26648_Q1	0	26648	1
23730_Q1	0	23730	1
87086_Q1	0	87086	1
24739_Q1	0	24739	1
86398_Q1	0	86398	1
30758_Q1	0	30758	1
87092_Q1	0	87092	1
97281_Q1	0	97281	1
81385_Q1	0	81385	1
82854_Q1	0	82854	1
37989_Q1	0	37989	1
70432_Q1	0	70432	1
39754_Q1	0	39754	1
66250_Q1	0	66250	1
79416_Q1	0	79416	1
60147_Q1	0	60147	1
26112_Q1	0	26112	1
40297_Q1	0	40297	1
39032_Q1	0	39032	1
99290_Q1	0	99290	1
26106_Q1	0	26106	1
70426_Q1	0	70426	1
39973_Q1	0	39973	1
85134_Q1	0	85134	1
60806_Q1	0	60806	1
83545_Q1	0	83545	1
87045_Q1	0	87045	1
52678_Q1	0	52678	1
87051_Q1	0	87051	1
97242_Q1	0	97242	1
84558_Q1	0	84558	1
85120_Q1	0	85120	1
60812_Q1	0	60812	1
69188_Q1	0	69188	1
74697_Q1	0	74697	1
86401_Q1	0	86401	1
90505_Q1	0	90505	1
70397_Q1	0	70397	1
84570_Q1	0	84570	1
84564_Q1	0	84564	1
59711_Q1	0	59711	1
86373_Q1	0	86373	1
23903_Q1	0	23903	1
54553_Q1	0	54553	1
80064_Q1	0	80064	1
86415_Q1	0	86415	1
82673_Q1	0	82673	1
67199_Q1	0	67199	1
82934_Q1	0	82934	1
29031_Q1	0	29031	1
58810_Q1	0	58810	1
53945_Q1	0	53945	1
72753_Q1	0	72753	1
72747_Q1	0	72747	1
60343_Q1	0	60343	1
49909_Q1	0	49909	1
101087_Q1	0	101087	1
100399_Q1	0	100399	1
39578_Q1	0	39578	1
72009_Q1	0	72009	1
90932_Q1	0	90932	1
87296_Q1	0	87296	1
68737_Q1	0	68737	1
84947_Q1	0	84947	1
23534_Q1	0	23534	1
70839_Q1	0	70839	1
86611_Q1	0	86611	1
25810_Q1	0	25810	1
94573_Q1	0	94573	1
84760_Q1	0	84760	1
84774_Q1	0	84774	1
80512_Q1	0	80512	1
25804_Q1	0	25804	1
101044_Q1	0	101044	1
38855_Q1	0	38855	1
40736_Q1	0	40736	1
87533_Q1	0	87533	1
48342_Q1	0	48342	1
31859_Q1	0	31859	1
90729_Q1	0	90729	1
63879_Q1	0	63879	1
55307_Q1	0	55307	1
25838_Q1	0	25838	1
68938_Q1	0	68938	1
84748_Q1	0	84748	1
101078_Q1	0	101078	1
52681_Q1	0	52681	1
26100_Q1	0	26100	1
26666_Q1	0	26666	1
39746_Q1	0	39746	1
70420_Q1	0	70420	1
66256_Q1	0	66256	1
39034_Q1	0	39034	1
60141_Q1	0	60141	1
26114_Q1	0	26114	1
79438_Q1	0	79438	1
97287_Q1	0	97287	1
87094_Q1	0	87094	1
81383_Q1	0	81383	1
58390_Q1	0	58390	1
48183_Q1	0	48183	1
82846_Q1	0	82846	1
70408_Q1	0	70408	1
26896_Q1	0	26896	1
24059_Q1	0	24059	1
26128_Q1	0	26128	1
70385_Q1	0	70385	1
40246_Q1	0	40246	1
59717_Q1	0	59717	1
86375_Q1	0	86375	1
54555_Q1	0	54555	1
80062_Q1	0	80062	1
23905_Q1	0	23905	1
86413_Q1	0	86413	1
39949_Q1	0	39949	1
82661_Q1	0	82661	1
94003_Q1	0	94003	1
52656_Q1	0	52656	1
90503_Q1	0	90503	1
84576_Q1	0	84576	1
70391_Q1	0	70391	1
41164_Q1	0	41164	1
85640_Q1	0	85640	1
83557_Q1	0	83557	1
47273_Q1	0	47273	1
23939_Q1	0	23939	1
81340_Q1	0	81340	1
90259_Q1	0	90259	1
60800_Q1	0	60800	1
37958_Q1	0	37958	1
41170_Q1	0	41170	1
92328_Q1	0	92328	1
55105_Q1	0	55105	1
62971_Q1	0	62971	1
100945_Q1	0	100945	1
67996_Q1	0	67996	1
40497_Q1	0	40497	1
72357_Q1	0	72357	1
50848_Q1	0	50848	1
26060_Q1	0	26060	1
67982_Q1	0	67982	1
26048_Q1	0	26048	1
65603_Q1	0	65603	1
50860_Q1	0	50860	1
82926_Q1	0	82926	1
77207_Q1	0	77207	1
77213_Q1	0	77213	1
89867_Q1	0	89867	1
85580_Q1	0	85580	1
90833_Q1	0	90833	1
25736_Q1	0	25736	1
25050_Q1	0	25050	1
81080_Q1	0	81080	1
31025_Q1	0	31025	1
22717_Q1	0	22717	1
76346_Q1	0	76346	1
38029_Q1	0	38029	1
40186_Q1	0	40186	1
39323_Q1	0	39323	1
62870_Q1	0	62870	1
41071_Q1	0	41071	1
48055_Q1	0	48055	1
87624_Q1	0	87624	1
91046_Q1	0	91046	1
98710_Q1	0	98710	1
23838_Q1	0	23838	1
39860_Q1	0	39860	1
86248_Q1	0	86248	1
87156_Q1	0	87156	1
86260_Q1	0	86260	1
99426_Q1	0	99426	1
51538_Q1	0	51538	1
37865_Q1	0	37865	1
49363_Q1	0	49363	1
37871_Q1	0	37871	1
39684_Q1	0	39684	1
52743_Q1	0	52743	1
101435_Q1	0	101435	1
62858_Q1	0	62858	1
84488_Q1	0	84488	1
39109_Q1	0	39109	1
100918_Q1	0	100918	1
23637_Q1	0	23637	1
22529_Q1	0	22529	1
89812_Q1	0	89812	1
38565_Q1	0	38565	1
89806_Q1	0	89806	1
30677_Q1	0	30677	1
46939_Q1	0	46939	1
72322_Q1	0	72322	1
22515_Q1	0	22515	1
98937_Q1	0	98937	1
66343_Q1	0	66343	1
40384_Q1	0	40384	1
91913_Q1	0	91913	1
62904_Q1	0	62904	1
85621_Q1	0	85621	1
85147_Q1	0	85147	1
52179_Q1	0	52179	1
32855_Q1	0	32855	1
55616_Q1	0	55616	1
100111_Q1	0	100111	1
87988_Q1	0	87988	1
98664_Q1	0	98664	1
37939_Q1	0	37939	1
85635_Q1	0	85635	1
58468_Q1	0	58468	1
40227_Q1	0	40227	1
99234_Q1	0	99234	1
86472_Q1	0	86472	1
40541_Q1	0	40541	1
40555_Q1	0	40555	1
98880_Q1	0	98880	1
23970_Q1	0	23970	1
75288_Q1	0	75288	1
46642_Q1	0	46642	1
85609_Q1	0	85609	1
67854_Q1	0	67854	1
39096_Q1	0	39096	1
61216_Q1	0	61216	1
23743_Q1	0	23743	1
31347_Q1	0	31347	1
95383_Q1	0	95383	1
76018_Q1	0	76018	1
31353_Q1	0	31353	1
23757_Q1	0	23757	1
72518_Q1	0	72518	1
72530_Q1	0	72530	1
39041_Q1	0	39041	1
93902_Q1	0	93902	1
50791_Q1	0	50791	1
99591_Q1	0	99591	1
76024_Q1	0	76024	1
72524_Q1	0	72524	1
97741_Q1	0	97741	1
40019_Q1	0	40019	1
49983_Q1	0	49983	1
87220_Q1	0	87220	1
84729_Q1	0	84729	1
38808_Q1	0	38808	1
48337_Q1	0	48337	1
75908_Q1	0	75908	1
86658_Q1	0	86658	1
56121_Q1	0	56121	1
75920_Q1	0	75920	1
86670_Q1	0	86670	1
98328_Q1	0	98328	1
101757_Q1	0	101757	1
82925_Q1	0	82925	1
77204_Q1	0	77204	1
38275_Q1	0	38275	1
96005_Q1	0	96005	1
52721_Q1	0	52721	1
78862_Q1	0	78862	1
40325_Q1	0	40325	1
60793_Q1	0	60793	1
86564_Q1	0	86564	1
70594_Q1	0	70594	1
86202_Q1	0	86202	1
59648_Q1	0	59648	1
88561_Q1	0	88561	1
93627_Q1	0	93627	1
39802_Q1	0	39802	1
60977_Q1	0	60977	1
93633_Q1	0	93633	1
49329_Q1	0	49329	1
86558_Q1	0	86558	1
99478_Q1	0	99478	1
55700_Q1	0	55700	1
52709_Q1	0	52709	1
26088_Q1	0	26088	1
25768_Q1	0	25768	1
69576_Q1	0	69576	1
53832_Q1	0	53832	1
40696_Q1	0	40696	1
69204_Q1	0	69204	1
76324_Q1	0	76324	1
22985_Q1	0	22985	1
31047_Q1	0	31047	1
40866_Q1	0	40866	1
90689_Q1	0	90689	1
25740_Q1	0	25740	1
39369_Q1	0	39369	1
26249_Q1	0	26249	1
78335_Q1	0	78335	1
85290_Q1	0	85290	1
24338_Q1	0	24338	1
84603_Q1	0	84603	1
90676_Q1	0	90676	1
74296_Q1	0	74296	1
39396_Q1	0	39396	1
40133_Q1	0	40133	1
59462_Q1	0	59462	1
54620_Q1	0	54620	1
79942_Q1	0	79942	1
79956_Q1	0	79956	1
97657_Q1	0	97657	1
81035_Q1	0	81035	1
23494_Q1	0	23494	1
40669_Q1	0	40669	1
102362_Q1	0	102362	1
86994_Q1	0	86994	1
57317_Q1	0	57317	1
23496_Q1	0	23496	1
81037_Q1	0	81037	1
97655_Q1	0	97655	1
80329_Q1	0	80329	1
100561_Q1	0	100561	1
26288_Q1	0	26288	1
79954_Q1	0	79954	1
54150_Q1	0	54150	1
39380_Q1	0	39380	1
84601_Q1	0	84601	1
54622_Q1	0	54622	1
97669_Q1	0	97669	1
93369_Q1	0	93369	1
85286_Q1	0	85286	1
67203_Q1	0	67203	1
30429_Q1	0	30429	1
69574_Q1	0	69574	1
74531_Q1	0	74531	1
102389_Q1	0	102389	1
47845_Q1	0	47845	1
99308_Q1	0	99308	1
53401_Q1	0	53401	1
102160_Q1	0	102160	1
57667_Q1	0	57667	1
78848_Q1	0	78848	1
53415_Q1	0	53415	1
31290_Q1	0	31290	1
86572_Q1	0	86572	1
41039_Q1	0	41039	1
78860_Q1	0	78860	1
52723_Q1	0	52723	1
96007_Q1	0	96007	1
86200_Q1	0	86200	1
39828_Q1	0	39828	1
60785_Q1	0	60785	1
40455_Q1	0	40455	1
28925_Q1	0	28925	1
86566_Q1	0	86566	1
89866_Q1	0	89866	1
77212_Q1	0	77212	1
82933_Q1	0	82933	1
25554_Q1	0	25554	1
39169_Q1	0	39169	1
26049_Q1	0	26049	1
82927_Q1	0	82927	1
75364_Q1	0	75364	1
25553_Q1	0	25553	1
71116_Q1	0	71116	1
75370_Q1	0	75370	1
65605_Q1	0	65605	1
85097_Q1	0	85097	1
98788_Q1	0	98788	1
23678_Q1	0	23678	1
72351_Q1	0	72351	1
75358_Q1	0	75358	1
100943_Q1	0	100943	1
78668_Q1	0	78668	1
67990_Q1	0	67990	1
60999_Q1	0	60999	1
66330_Q1	0	66330	1
74734_Q1	0	74734	1
24103_Q1	0	24103	1
55711_Q1	0	55711	1
31283_Q1	0	31283	1
41002_Q1	0	41002	1
53412_Q1	0	53412	1
55063_Q1	0	55063	1
31297_Q1	0	31297	1
93636_Q1	0	93636	1
39813_Q1	0	39813	1
87643_Q1	0	87643	1
97450_Q1	0	97450	1
60796_Q1	0	60796	1
52724_Q1	0	52724	1
57884_Q1	0	57884	1
57890_Q1	0	57890	1
86207_Q1	0	86207	1
99441_Q1	0	99441	1
86561_Q1	0	86561	1
94165_Q1	0	94165	1
68651_Q1	0	68651	1
22980_Q1	0	22980	1
67204_Q1	0	67204	1
85281_Q1	0	85281	1
78330_Q1	0	78330	1
62426_Q1	0	62426	1
69573_Q1	0	69573	1
39422_Q1	0	39422	1
76335_Q1	0	76335	1
69215_Q1	0	69215	1
40693_Q1	0	40693	1
69201_Q1	0	69201	1
39350_Q1	0	39350	1
94429_Q1	0	94429	1
102365_Q1	0	102365	1
81024_Q1	0	81024	1
54619_Q1	0	54619	1
22957_Q1	0	22957	1
81030_Q1	0	81030	1
82539_Q1	0	82539	1
79953_Q1	0	79953	1
101678_Q1	0	101678	1
25786_Q1	0	25786	1
102359_Q1	0	102359	1
39387_Q1	0	39387	1
75199_Q1	0	75199	1
40888_Q1	0	40888	1
94367_Q1	0	94367	1
40650_Q1	0	40650	1
25962_Q1	0	25962	1
25087_Q1	0	25087	1
80349_Q1	0	80349	1
85231_Q1	0	85231	1
51060_Q1	0	51060	1
84891_Q1	0	84891	1
31794_Q1	0	31794	1
79934_Q1	0	79934	1
84649_Q1	0	84649	1
98260_Q1	0	98260	1
72861_Q1	0	72861	1
25939_Q1	0	25939	1
51074_Q1	0	51074	1
47170_Q1	0	47170	1
78380_Q1	0	78380	1
85225_Q1	0	85225	1
91250_Q1	0	91250	1
97621_Q1	0	97621	1
84113_Q1	0	84113	1
38954_Q1	0	38954	1
97609_Q1	0	97609	1
101145_Q1	0	101145	1
80413_Q1	0	80413	1
72685_Q1	0	72685	1
40151_Q1	0	40151	1
60295_Q1	0	60295	1
80407_Q1	0	80407	1
72691_Q1	0	72691	1
38940_Q1	0	38940	1
40810_Q1	0	40810	1
25044_Q1	0	25044	1
23435_Q1	0	23435	1
23353_Q1	0	23353	1
87383_Q1	0	87383	1
25722_Q1	0	25722	1
85594_Q1	0	85594	1
84715_Q1	0	84715	1
96311_Q1	0	96311	1
86664_Q1	0	86664	1
39519_Q1	0	39519	1
65272_Q1	0	65272	1
91495_Q1	0	91495	1
38161_Q1	0	38161	1
68756_Q1	0	68756	1
93282_Q1	0	93282	1
79897_Q1	0	79897	1
75075_Q1	0	75075	1
40970_Q1	0	40970	1
50593_Q1	0	50593	1
40958_Q1	0	40958	1
60336_Q1	0	60336	1
101780_Q1	0	101780	1
38149_Q1	0	38149	1
95803_Q1	0	95803	1
40794_Q1	0	40794	1
39531_Q1	0	39531	1
25118_Q1	0	25118	1
38148_Q1	0	38148	1
56691_Q1	0	56691	1
101781_Q1	0	101781	1
40795_Q1	0	40795	1
40959_Q1	0	40959	1
51854_Q1	0	51854	1
40781_Q1	0	40781	1
60337_Q1	0	60337	1
26362_Q1	0	26362	1
56685_Q1	0	56685	1
75074_Q1	0	75074	1
73405_Q1	0	73405	1
40971_Q1	0	40971	1
25125_Q1	0	25125	1
39518_Q1	0	39518	1
48487_Q1	0	48487	1
68757_Q1	0	68757	1
75060_Q1	0	75060	1
65273_Q1	0	65273	1
84714_Q1	0	84714	1
86665_Q1	0	86665	1
75935_Q1	0	75935	1
49766_Q1	0	49766	1
101756_Q1	0	101756	1
98329_Q1	0	98329	1
75909_Q1	0	75909	1
48336_Q1	0	48336	1
38809_Q1	0	38809	1
97740_Q1	0	97740	1
40018_Q1	0	40018	1
49982_Q1	0	49982	1
76025_Q1	0	76025	1
89797_Q1	0	89797	1
72525_Q1	0	72525	1
39040_Q1	0	39040	1
72531_Q1	0	72531	1
99590_Q1	0	99590	1
40583_Q1	0	40583	1
70440_Q1	0	70440	1
23756_Q1	0	23756	1
31352_Q1	0	31352	1
61217_Q1	0	61217	1
79458_Q1	0	79458	1
23742_Q1	0	23742	1
86467_Q1	0	86467	1
39929_Q1	0	39929	1
40554_Q1	0	40554	1
67855_Q1	0	67855	1
85608_Q1	0	85608	1
86301_Q1	0	86301	1
75289_Q1	0	75289	1
24978_Q1	0	24978	1
99235_Q1	0	99235	1
58469_Q1	0	58469	1
40226_Q1	0	40226	1
23965_Q1	0	23965	1
26835_Q1	0	26835	1
30931_Q1	0	30931	1
85634_Q1	0	85634	1
85620_Q1	0	85620	1
86329_Q1	0	86329	1
53266_Q1	0	53266	1
23959_Q1	0	23959	1
100110_Q1	0	100110	1
87989_Q1	0	87989	1
55617_Q1	0	55617	1
52178_Q1	0	52178	1
85146_Q1	0	85146	1
66342_Q1	0	66342	1
98936_Q1	0	98936	1
91912_Q1	0	91912	1
40385_Q1	0	40385	1
39134_Q1	0	39134	1
79510_Q1	0	79510	1
22514_Q1	0	22514	1
30138_Q1	0	30138	1
26982_Q1	0	26982	1
79538_Q1	0	79538	1
39108_Q1	0	39108	1
73075_Q1	0	73075	1
55059_Q1	0	55059	1
86201_Q1	0	86201	1
70597_Q1	0	70597	1
93618_Q1	0	93618	1
60790_Q1	0	60790	1
86573_Q1	0	86573	1
99453_Q1	0	99453	1
96006_Q1	0	96006	1
52722_Q1	0	52722	1
78861_Q1	0	78861	1
93630_Q1	0	93630	1
47307_Q1	0	47307	1
31291_Q1	0	31291	1
39815_Q1	0	39815	1
96748_Q1	0	96748	1
88562_Q1	0	88562	1
85046_Q1	0	85046	1
99309_Q1	0	99309	1
86229_Q1	0	86229	1
47844_Q1	0	47844	1
47850_Q1	0	47850	1
69575_Q1	0	69575	1
39424_Q1	0	39424	1
69213_Q1	0	69213	1
40859_Q1	0	40859	1
78336_Q1	0	78336	1
38060_Q1	0	38060	1
68657_Q1	0	68657	1
25757_Q1	0	25757	1
39418_Q1	0	39418	1
67202_Q1	0	67202	1
85287_Q1	0	85287	1
97668_Q1	0	97668	1
54623_Q1	0	54623	1
93368_Q1	0	93368	1
39381_Q1	0	39381	1
84600_Q1	0	84600	1
76496_Q1	0	76496	1
100548_Q1	0	100548	1
54151_Q1	0	54151	1
22979_Q1	0	22979	1
80328_Q1	0	80328	1
81036_Q1	0	81036	1
84628_Q1	0	84628	1
79955_Q1	0	79955	1
26289_Q1	0	26289	1
100560_Q1	0	100560	1
79941_Q1	0	79941	1
102363_Q1	0	102363	1
40646_Q1	0	40646	1
99133_Q1	0	99133	1
94417_Q1	0	94417	1
39391_Q1	0	39391	1
87319_Q1	0	87319	1
100558_Q1	0	100558	1
22969_Q1	0	22969	1
40652_Q1	0	40652	1
94365_Q1	0	94365	1
85268_Q1	0	85268	1
81026_Q1	0	81026	1
23487_Q1	0	23487	1
80338_Q1	0	80338	1
26299_Q1	0	26299	1
102367_Q1	0	102367	1
25948_Q1	0	25948	1
61878_Q1	0	61878	1
100202_Q1	0	100202	1
81032_Q1	0	81032	1
23493_Q1	0	23493	1
98588_Q1	0	98588	1
40685_Q1	0	40685	1
69571_Q1	0	69571	1
69203_Q1	0	69203	1
76323_Q1	0	76323	1
85283_Q1	0	85283	1
67206_Q1	0	67206	1
47868_Q1	0	47868	1
30438_Q1	0	30438	1
78332_Q1	0	78332	1
78865_Q1	0	78865	1
87669_Q1	0	87669	1
86577_Q1	0	86577	1
60794_Q1	0	60794	1
86563_Q1	0	86563	1
86205_Q1	0	86205	1
41028_Q1	0	41028	1
88200_Q1	0	88200	1
59897_Q1	0	59897	1
93620_Q1	0	93620	1
31281_Q1	0	31281	1
40478_Q1	0	40478	1
23685_Q1	0	23685	1
97452_Q1	0	97452	1
87641_Q1	0	87641	1
87899_Q1	0	87899	1
26931_Q1	0	26931	1
93634_Q1	0	93634	1
31295_Q1	0	31295	1
55061_Q1	0	55061	1
53410_Q1	0	53410	1
67986_Q1	0	67986	1
26064_Q1	0	26064	1
39622_Q1	0	39622	1
72353_Q1	0	72353	1
24101_Q1	0	24101	1
74736_Q1	0	74736	1
66332_Q1	0	66332	1
71128_Q1	0	71128	1
67992_Q1	0	67992	1
38266_Q1	0	38266	1
26058_Q1	0	26058	1
25551_Q1	0	25551	1
82936_Q1	0	82936	1
65607_Q1	0	65607	1
79548_Q1	0	79548	1
70395_Q1	0	70395	1
84572_Q1	0	84572	1
88348_Q1	0	88348	1
90507_Q1	0	90507	1
90261_Q1	0	90261	1
23915_Q1	0	23915	1
80072_Q1	0	80072	1
66291_Q1	0	66291	1
82665_Q1	0	82665	1
81378_Q1	0	81378	1
52120_Q1	0	52120	1
23901_Q1	0	23901	1
80066_Q1	0	80066	1
86371_Q1	0	86371	1
59713_Q1	0	59713	1
70381_Q1	0	70381	1
87047_Q1	0	87047	1
83547_Q1	0	83547	1
85136_Q1	0	85136	1
60804_Q1	0	60804	1
39971_Q1	0	39971	1
82659_Q1	0	82659	1
25380_Q1	0	25380	1
81344_Q1	0	81344	1
85122_Q1	0	85122	1
60810_Q1	0	60810	1
41160_Q1	0	41160	1
85644_Q1	0	85644	1
92338_Q1	0	92338	1
98173_Q1	0	98173	1
97240_Q1	0	97240	1
88360_Q1	0	88360	1
87053_Q1	0	87053	1
52691_Q1	0	52691	1
39030_Q1	0	39030	1
26110_Q1	0	26110	1
60145_Q1	0	60145	1
79414_Q1	0	79414	1
66252_Q1	0	66252	1
70430_Q1	0	70430	1
64445_Q1	0	64445	1
55698_Q1	0	55698	1
66246_Q1	0	66246	1
26662_Q1	0	26662	1
47288_Q1	0	47288	1
39024_Q1	0	39024	1
60151_Q1	0	60151	1
99292_Q1	0	99292	1
79428_Q1	0	79428	1
87084_Q1	0	87084	1
82842_Q1	0	82842	1
82856_Q1	0	82856	1
70418_Q1	0	70418	1
97283_Q1	0	97283	1
87090_Q1	0	87090	1
84599_Q1	0	84599	1
70829_Q1	0	70829	1
38851_Q1	0	38851	1
40054_Q1	0	40054	1
84770_Q1	0	84770	1
50253_Q1	0	50253	1
31861_Q1	0	31861	1
25814_Q1	0	25814	1
97718_Q1	0	97718	1
39583_Q1	0	39583	1
47049_Q1	0	47049	1
84994_Q1	0	84994	1
55317_Q1	0	55317	1
25828_Q1	0	25828	1
25196_Q1	0	25196	1
87537_Q1	0	87537	1
24288_Q1	0	24288	1
74454_Q1	0	74454	1
101083_Q1	0	101083	1
75992_Q1	0	75992	1
70632_Q1	0	70632	1
26312_Q1	0	26312	1
24505_Q1	0	24505	1
24511_Q1	0	24511	1
30564_Q1	0	30564	1
70626_Q1	0	70626	1
75986_Q1	0	75986	1
39569_Q1	0	39569	1
26307_Q1	0	26307	1
87984_Q1	0	87984	1
90220_Q1	0	90220	1
37921_Q1	0	37921	1
50762_Q1	0	50762	1
56313_Q1	0	56313	1
90208_Q1	0	90208	1
85163_Q1	0	85163	1
95416_Q1	0	95416	1
41121_Q1	0	41121	1
58470_Q1	0	58470	1
97215_Q1	0	97215	1
87006_Q1	0	87006	1
75290_Q1	0	75290	1
85611_Q1	0	85611	1
85177_Q1	0	85177	1
97598_Q1	0	97598	1
79441_Q1	0	79441	1
30727_Q1	0	30727	1
100874_Q1	0	100874	1
30733_Q1	0	30733	1
76000_Q1	0	76000	1
24020_Q1	0	24020	1
98697_Q1	0	98697	1
72528_Q1	0	72528	1
79469_Q1	0	79469	1
61226_Q1	0	61226	1
40001_Q1	0	40001	1
25855_Q1	0	25855	1
56105_Q1	0	56105	1
40767_Q1	0	40767	1
38804_Q1	0	38804	1
56111_Q1	0	56111	1
38810_Q1	0	38810	1
40773_Q1	0	40773	1
75910_Q1	0	75910	1
86640_Q1	0	86640	1
25841_Q1	0	25841	1
40015_Q1	0	40015	1
84731_Q1	0	84731	1
51118_Q1	0	51118	1
69487_Q1	0	69487	1
68941_Q1	0	68941	1
91472_Q1	0	91472	1
70840_Q1	0	70840	1
86668_Q1	0	86668	1
81107_Q1	0	81107	1
73385_Q1	0	73385	1
100323_Q1	0	100323	1
81113_Q1	0	81113	1
61781_Q1	0	61781	1
56893_Q1	0	56893	1
65281_Q1	0	65281	1
91466_Q1	0	91466	1
73408_Q1	0	73408	1
75079_Q1	0	75079	1
26347_Q1	0	26347	1
97956_Q1	0	97956	1
39515_Q1	0	39515	1
84094_Q1	0	84094	1
30531_Q1	0	30531	1
26353_Q1	0	26353	1
91499_Q1	0	91499	1
100492_Q1	0	100492	1
65256_Q1	0	65256	1
23565_Q1	0	23565	1
70883_Q1	0	70883	1
40940_Q1	0	40940	1
40954_Q1	0	40954	1
25666_Q1	0	25666	1
38151_Q1	0	38151	1
38150_Q1	0	38150	1
24579_Q1	0	24579	1
63632_Q1	0	63632	1
25667_Q1	0	25667	1
65257_Q1	0	65257	1
100493_Q1	0	100493	1
38144_Q1	0	38144	1
25115_Q1	0	25115	1
40969_Q1	0	40969	1
51864_Q1	0	51864	1
39514_Q1	0	39514	1
84095_Q1	0	84095	1
91498_Q1	0	91498	1
26352_Q1	0	26352	1
60307_Q1	0	60307	1
26346_Q1	0	26346	1
75078_Q1	0	75078	1
90792_Q1	0	90792	1
93516_Q1	0	93516	1
81112_Q1	0	81112	1
73384_Q1	0	73384	1
91467_Q1	0	91467	1
65280_Q1	0	65280	1
56892_Q1	0	56892	1
91473_Q1	0	91473	1
81106_Q1	0	81106	1
86669_Q1	0	86669	1
38839_Q1	0	38839	1
70841_Q1	0	70841	1
86641_Q1	0	86641	1
38216_Q1	0	38216	1
38570_Q1	0	38570	1
89813_Q1	0	89813	1
23636_Q1	0	23636	1
39685_Q1	0	39685	1
49362_Q1	0	49362	1
41058_Q1	0	41058	1
40346_Q1	0	40346	1
50155_Q1	0	50155	1
62859_Q1	0	62859	1
52742_Q1	0	52742	1
86275_Q1	0	86275	1
86261_Q1	0	86261	1
52756_Q1	0	52756	1
40352_Q1	0	40352	1
37864_Q1	0	37864	1
51539_Q1	0	51539	1
26969_Q1	0	26969	1
99427_Q1	0	99427	1
39861_Q1	0	39861	1
85026_Q1	0	85026	1
98711_Q1	0	98711	1
98077_Q1	0	98077	1
86249_Q1	0	86249	1
41064_Q1	0	41064	1
78829_Q1	0	78829	1
41070_Q1	0	41070	1
97436_Q1	0	97436	1
87625_Q1	0	87625	1
48054_Q1	0	48054	1
85032_Q1	0	85032	1
30460_Q1	0	30460	1
40187_Q1	0	40187	1
72653_Q1	0	72653	1
38982_Q1	0	38982	1
76347_Q1	0	76347	1
39336_Q1	0	39336	1
25737_Q1	0	25737	1
101811_Q1	0	101811	1
90832_Q1	0	90832	1
85581_Q1	0	85581	1
81081_Q1	0	81081	1
31030_Q1	0	31030	1
40811_Q1	0	40811	1
85595_Q1	0	85595	1
25723_Q1	0	25723	1
87382_Q1	0	87382	1
90826_Q1	0	90826	1
72690_Q1	0	72690	1
80406_Q1	0	80406	1
87369_Q1	0	87369	1
84660_Q1	0	84660	1
84106_Q1	0	84106	1
101144_Q1	0	101144	1
38955_Q1	0	38955	1
84674_Q1	0	84674	1
40150_Q1	0	40150	1
99143_Q1	0	99143	1
80412_Q1	0	80412	1
51075_Q1	0	51075	1
97620_Q1	0	97620	1
55575_Q1	0	55575	1
91251_Q1	0	91251	1
47171_Q1	0	47171	1
80348_Q1	0	80348	1
81056_Q1	0	81056	1
47603_Q1	0	47603	1
79935_Q1	0	79935	1
31795_Q1	0	31795	1
84890_Q1	0	84890	1
68838_Q1	0	68838	1
51061_Q1	0	51061	1
84138_Q1	0	84138	1
47173_Q1	0	47173	1
82549_Q1	0	82549	1
85226_Q1	0	85226	1
55577_Q1	0	55577	1
97622_Q1	0	97622	1
72876_Q1	0	72876	1
51063_Q1	0	51063	1
84892_Q1	0	84892	1
79937_Q1	0	79937	1
98263_Q1	0	98263	1
72862_Q1	0	72862	1
91247_Q1	0	91247	1
55563_Q1	0	55563	1
100264_Q1	0	100264	1
47167_Q1	0	47167	1
92996_Q1	0	92996	1
85232_Q1	0	85232	1
84104_Q1	0	84104	1
60296_Q1	0	60296	1
91509_Q1	0	91509	1
72692_Q1	0	72692	1
80410_Q1	0	80410	1
99141_Q1	0	99141	1
72686_Q1	0	72686	1
101146_Q1	0	101146	1
81083_Q1	0	81083	1
40807_Q1	0	40807	1
97742_Q1	0	97742	1
81108_Q1	0	81108	1
86667_Q1	0	86667	1
38837_Q1	0	38837	1
84716_Q1	0	84716	1
31813_Q1	0	31813	1
38189_Q1	0	38189	1
49770_Q1	0	49770	1
91469_Q1	0	91469	1
101754_Q1	0	101754	1
75923_Q1	0	75923	1
23556_Q1	0	23556	1
40973_Q1	0	40973	1
68741_Q1	0	68741	1
26348_Q1	0	26348	1
91482_Q1	0	91482	1
72719_Q1	0	72719	1
65265_Q1	0	65265	1
75076_Q1	0	75076	1
91496_Q1	0	91496	1
65271_Q1	0	65271	1
93281_Q1	0	93281	1
60309_Q1	0	60309	1
40797_Q1	0	40797	1
101783_Q1	0	101783	1
56693_Q1	0	56693	1
39254_Q1	0	39254	1
72731_Q1	0	72731	1
25668_Q1	0	25668	1
26361_Q1	0	26361	1
69476_Q1	0	69476	1
56686_Q1	0	56686	1
38639_Q1	0	38639	1
40796_Q1	0	40796	1
29046_Q1	0	29046	1
60320_Q1	0	60320	1
39255_Q1	0	39255	1
56692_Q1	0	56692	1
38163_Q1	0	38163	1
75063_Q1	0	75063	1
65270_Q1	0	65270	1
91497_Q1	0	91497	1
90789_Q1	0	90789	1
40966_Q1	0	40966	1
38605_Q1	0	38605	1
40972_Q1	0	40972	1
75077_Q1	0	75077	1
65264_Q1	0	65264	1
73406_Q1	0	73406	1
68740_Q1	0	68740	1
38177_Q1	0	38177	1
101755_Q1	0	101755	1
91468_Q1	0	91468	1
75922_Q1	0	75922	1
56123_Q1	0	56123	1
86666_Q1	0	86666	1
81109_Q1	0	81109	1
75936_Q1	0	75936	1
96313_Q1	0	96313	1
31812_Q1	0	31812	1
49771_Q1	0	49771	1
40033_Q1	0	40033	1
88105_Q1	0	88105	1
91454_Q1	0	91454	1
69489_Q1	0	69489	1
51116_Q1	0	51116	1
49981_Q1	0	49981	1
93243_Q1	0	93243	1
93525_Q1	0	93525	1
97743_Q1	0	97743	1
93531_Q1	0	93531	1
48335_Q1	0	48335	1
94538_Q1	0	94538	1
99593_Q1	0	99593	1
89780_Q1	0	89780	1
66221_Q1	0	66221	1
93900_Q1	0	93900	1
61228_Q1	0	61228	1
72526_Q1	0	72526	1
102089_Q1	0	102089	1
39731_Q1	0	39731	1
50787_Q1	0	50787	1
66235_Q1	0	66235	1
99587_Q1	0	99587	1
98699_Q1	0	98699	1
82831_Q1	0	82831	1
23999_Q1	0	23999	1
61214_Q1	0	61214	1
25442_Q1	0	25442	1
23755_Q1	0	23755	1
89970_Q1	0	89970	1
31351_Q1	0	31351	1
85192_Q1	0	85192	1
83508_Q1	0	83508	1
40543_Q1	0	40543	1
86470_Q1	0	86470	1
99236_Q1	0	99236	1
87008_Q1	0	87008	1
40225_Q1	0	40225	1
39094_Q1	0	39094	1
53377_Q1	0	53377	1
55060_Q1	0	55060	1
24699_Q1	0	24699	1
57677_Q1	0	57677	1
41001_Q1	0	41001	1
88201_Q1	0	88201	1
23684_Q1	0	23684	1
88567_Q1	0	88567	1
40479_Q1	0	40479	1
31280_Q1	0	31280	1
93621_Q1	0	93621	1
86562_Q1	0	86562	1
94166_Q1	0	94166	1
41029_Q1	0	41029	1
86204_Q1	0	86204	1
78864_Q1	0	78864	1
102158_Q1	0	102158	1
40445_Q1	0	40445	1
60795_Q1	0	60795	1
74938_Q1	0	74938	1
87668_Q1	0	87668	1
38071_Q1	0	38071	1
49688_Q1	0	49688	1
78333_Q1	0	78333	1
22997_Q1	0	22997	1
67207_Q1	0	67207	1
78327_Q1	0	78327	1
40860_Q1	0	40860	1
75165_Q1	0	75165	1
40690_Q1	0	40690	1
76322_Q1	0	76322	1
69202_Q1	0	69202	1
39421_Q1	0	39421	1
76336_Q1	0	76336	1
69216_Q1	0	69216	1
98589_Q1	0	98589	1
25008_Q1	0	25008	1
55289_Q1	0	55289	1
97889_Q1	0	97889	1
81033_Q1	0	81033	1
61879_Q1	0	61879	1
80339_Q1	0	80339	1
81027_Q1	0	81027	1
25949_Q1	0	25949	1
26298_Q1	0	26298	1
100559_Q1	0	100559	1
87318_Q1	0	87318	1
40135_Q1	0	40135	1
39390_Q1	0	39390	1
85269_Q1	0	85269	1
94364_Q1	0	94364	1
40653_Q1	0	40653	1
38930_Q1	0	38930	1
22968_Q1	0	22968	1
96567_Q1	0	96567	1
40647_Q1	0	40647	1
94370_Q1	0	94370	1
84605_Q1	0	84605	1
99132_Q1	0	99132	1
38932_Q1	0	38932	1
40651_Q1	0	40651	1
94366_Q1	0	94366	1
39392_Q1	0	39392	1
40137_Q1	0	40137	1
75198_Q1	0	75198	1
39386_Q1	0	39386	1
84607_Q1	0	84607	1
38926_Q1	0	38926	1
96565_Q1	0	96565	1
82538_Q1	0	82538	1
81031_Q1	0	81031	1
22956_Q1	0	22956	1
23490_Q1	0	23490	1
54618_Q1	0	54618	1
25787_Q1	0	25787	1
101679_Q1	0	101679	1
102364_Q1	0	102364	1
25793_Q1	0	25793	1
81025_Q1	0	81025	1
69200_Q1	0	69200	1
40692_Q1	0	40692	1
39351_Q1	0	39351	1
69572_Q1	0	69572	1
62427_Q1	0	62427	1
69214_Q1	0	69214	1
76334_Q1	0	76334	1
40686_Q1	0	40686	1
39423_Q1	0	39423	1
22995_Q1	0	22995	1
78331_Q1	0	78331	1
85280_Q1	0	85280	1
76308_Q1	0	76308	1
67205_Q1	0	67205	1
22981_Q1	0	22981	1
86560_Q1	0	86560	1
55738_Q1	0	55738	1
99440_Q1	0	99440	1
88559_Q1	0	88559	1
86574_Q1	0	86574	1
40447_Q1	0	40447	1
38949_Q1	0	38949	1
97614_Q1	0	97614	1
85576_Q1	0	85576	1
79901_Q1	0	79901	1
72854_Q1	0	72854	1
100534_Q1	0	100534	1
98533_Q1	0	98533	1
24384_Q1	0	24384	1
96536_Q1	0	96536	1
80354_Q1	0	80354	1
97628_Q1	0	97628	1
84132_Q1	0	84132	1
40170_Q1	0	40170	1
51069_Q1	0	51069	1
84898_Q1	0	84898	1
30483_Q1	0	30483	1
56706_Q1	0	56706	1
94453_Q1	0	94453	1
84126_Q1	0	84126	1
82557_Q1	0	82557	1
55569_Q1	0	55569	1
80340_Q1	0	80340	1
38752_Q1	0	38752	1
40831_Q1	0	40831	1
30468_Q1	0	30468	1
25703_Q1	0	25703	1
98296_Q1	0	98296	1
25717_Q1	0	25717	1
40825_Q1	0	40825	1
72667_Q1	0	72667	1
29105_Q1	0	29105	1
85589_Q1	0	85589	1
30454_Q1	0	30454	1
72673_Q1	0	72673	1
97827_Q1	0	97827	1
97370_Q1	0	97370	1
88536_Q1	0	88536	1
90379_Q1	0	90379	1
55743_Q1	0	55743	1
38593_Q1	0	38593	1
51525_Q1	0	51525	1
26975_Q1	0	26975	1
59179_Q1	0	59179	1
37878_Q1	0	37878	1
38587_Q1	0	38587	1
39841_Q1	0	39841	1
88522_Q1	0	88522	1
91073_Q1	0	91073	1
97364_Q1	0	97364	1
62845_Q1	0	62845	1
41044_Q1	0	41044	1
98719_Q1	0	98719	1
54475_Q1	0	54475	1
92546_Q1	0	92546	1
40400_Q1	0	40400	1
40366_Q1	0	40366	1
41078_Q1	0	41078	1
86255_Q1	0	86255	1
62892_Q1	0	62892	1
26008_Q1	0	26008	1
38550_Q1	0	38550	1
65643_Q1	0	65643	1
89833_Q1	0	89833	1
74982_Q1	0	74982	1
38544_Q1	0	38544	1
40399_Q1	0	40399	1
62886_Q1	0	62886	1
30656_Q1	0	30656	1
86282_Q1	0	86282	1
98902_Q1	0	98902	1
90386_Q1	0	90386	1
37887_Q1	0	37887	1
30124_Q1	0	30124	1
22520_Q1	0	22520	1
90392_Q1	0	90392	1
86296_Q1	0	86296	1
39100_Q1	0	39100	1
85600_Q1	0	85600	1
95413_Q1	0	95413	1
41124_Q1	0	41124	1
58475_Q1	0	58475	1
88324_Q1	0	88324	1
87017_Q1	0	87017	1
23979_Q1	0	23979	1
97562_Q1	0	97562	1
53246_Q1	0	53246	1
85166_Q1	0	85166	1
51451_Q1	0	51451	1
40548_Q1	0	40548	1
37918_Q1	0	37918	1
85172_Q1	0	85172	1
98645_Q1	0	98645	1
90219_Q1	0	90219	1
53252_Q1	0	53252	1
87003_Q1	0	87003	1
75295_Q1	0	75295	1
67849_Q1	0	67849	1
48672_Q1	0	48672	1
97238_Q1	0	97238	1
95418_Q1	0	95418	1
67856_Q1	0	67856	1
86302_Q1	0	86302	1
97569_Q1	0	97569	1
86464_Q1	0	86464	1
98882_Q1	0	98882	1
55614_Q1	0	55614	1
100113_Q1	0	100113	1
39902_Q1	0	39902	1
40219_Q1	0	40219	1
85623_Q1	0	85623	1
46668_Q1	0	46668	1
87020_Q1	0	87020	1
30932_Q1	0	30932	1
84529_Q1	0	84529	1
85637_Q1	0	85637	1
85151_Q1	0	85151	1
39916_Q1	0	39916	1
99578_Q1	0	99578	1
55600_Q1	0	55600	1
22517_Q1	0	22517	1
72320_Q1	0	72320	1
39889_Q1	0	39889	1
73980_Q1	0	73980	1
62899_Q1	0	62899	1
40386_Q1	0	40386	1
66341_Q1	0	66341	1
28990_Q1	0	28990	1
72334_Q1	0	72334	1
59199_Q1	0	59199	1
38573_Q1	0	38573	1
82945_Q1	0	82945	1
23635_Q1	0	23635	1
97390_Q1	0	97390	1
86289_Q1	0	86289	1
26981_Q1	0	26981	1
88529_Q1	0	88529	1
86262_Q1	0	86262	1
40351_Q1	0	40351	1
50156_Q1	0	50156	1
101437_Q1	0	101437	1
52741_Q1	0	52741	1
86276_Q1	0	86276	1
85019_Q1	0	85019	1
49361_Q1	0	49361	1
91044_Q1	0	91044	1
98706_Q1	0	98706	1
97435_Q1	0	97435	1
41073_Q1	0	41073	1
90428_Q1	0	90428	1
62866_Q1	0	62866	1
87154_Q1	0	87154	1
98074_Q1	0	98074	1
85025_Q1	0	85025	1
90819_Q1	0	90819	1
39335_Q1	0	39335	1
78369_Q1	0	78369	1
22715_Q1	0	22715	1
98289_Q1	0	98289	1
52580_Q1	0	52580	1
85596_Q1	0	85596	1
25720_Q1	0	25720	1
90825_Q1	0	90825	1
22729_Q1	0	22729	1
78355_Q1	0	78355	1
78341_Q1	0	78341	1
31027_Q1	0	31027	1
81082_Q1	0	81082	1
25734_Q1	0	25734	1
101812_Q1	0	101812	1
90831_Q1	0	90831	1
85582_Q1	0	85582	1
40153_Q1	0	40153	1
72687_Q1	0	72687	1
99140_Q1	0	99140	1
80411_Q1	0	80411	1
101147_Q1	0	101147	1
82560_Q1	0	82560	1
38956_Q1	0	38956	1
38942_Q1	0	38942	1
84105_Q1	0	84105	1
72693_Q1	0	72693	1
80405_Q1	0	80405	1
84663_Q1	0	84663	1
60297_Q1	0	60297	1
72863_Q1	0	72863	1
79936_Q1	0	79936	1
31796_Q1	0	31796	1
51062_Q1	0	51062	1
85233_Q1	0	85233	1
47166_Q1	0	47166	1
25085_Q1	0	25085	1
100265_Q1	0	100265	1
97623_Q1	0	97623	1
55576_Q1	0	55576	1
85227_Q1	0	85227	1
82548_Q1	0	82548	1
47172_Q1	0	47172	1
84139_Q1	0	84139	1
72877_Q1	0	72877	1
81079_Q1	0	81079	1
38952_Q1	0	38952	1
40631_Q1	0	40631	1
84115_Q1	0	84115	1
80415_Q1	0	80415	1
72683_Q1	0	72683	1
84673_Q1	0	84673	1
91530_Q1	0	91530	1
92039_Q1	0	92039	1
47176_Q1	0	47176	1
85223_Q1	0	85223	1
55572_Q1	0	55572	1
91256_Q1	0	91256	1
25095_Q1	0	25095	1
97627_Q1	0	97627	1
55566_Q1	0	55566	1
84129_Q1	0	84129	1
51066_Q1	0	51066	1
79932_Q1	0	79932	1
47604_Q1	0	47604	1
72867_Q1	0	72867	1
91524_Q1	0	91524	1
72654_Q1	0	72654	1
38985_Q1	0	38985	1
25718_Q1	0	25718	1
26239_Q1	0	26239	1
85586_Q1	0	85586	1
72668_Q1	0	72668	1
101816_Q1	0	101816	1
90835_Q1	0	90835	1
25730_Q1	0	25730	1
24348_Q1	0	24348	1
81086_Q1	0	81086	1
38761_Q1	0	38761	1
99805_Q1	0	99805	1
90821_Q1	0	90821	1
25724_Q1	0	25724	1
59176_Q1	0	59176	1
39682_Q1	0	39682	1
86272_Q1	0	86272	1
52745_Q1	0	52745	1
101433_Q1	0	101433	1
85009_Q1	0	85009	1
38588_Q1	0	38588	1
39696_Q1	0	39696	1
40433_Q1	0	40433	1
37863_Q1	0	37863	1
98716_Q1	0	98716	1
85021_Q1	0	85021	1
68397_Q1	0	68397	1
41063_Q1	0	41063	1
62862_Q1	0	62862	1
62876_Q1	0	62876	1
41077_Q1	0	41077	1
39872_Q1	0	39872	1
87622_Q1	0	87622	1
74972_Q1	0	74972	1
72330_Q1	0	72330	1
74741_Q1	0	74741	1
66345_Q1	0	66345	1
40382_Q1	0	40382	1
91915_Q1	0	91915	1
79517_Q1	0	79517	1
72324_Q1	0	72324	1
89828_Q1	0	89828	1
22513_Q1	0	22513	1
90389_Q1	0	90389	1
86299_Q1	0	86299	1
23631_Q1	0	23631	1
25240_Q1	0	25240	1
89814_Q1	0	89814	1
82941_Q1	0	82941	1
40553_Q1	0	40553	1
37903_Q1	0	37903	1
53249_Q1	0	53249	1
23976_Q1	0	23976	1
87018_Q1	0	87018	1
86306_Q1	0	86306	1
40235_Q1	0	40235	1
84505_Q1	0	84505	1
86474_Q1	0	86474	1
40547_Q1	0	40547	1
37917_Q1	0	37917	1
41117_Q1	0	41117	1
85633_Q1	0	85633	1
30936_Q1	0	30936	1
40209_Q1	0	40209	1
97237_Q1	0	97237	1
62902_Q1	0	62902	1
85627_Q1	0	85627	1
84539_Q1	0	84539	1
83530_Q1	0	83530	1
26826_Q1	0	26826	1
86448_Q1	0	86448	1
80039_Q1	0	80039	1
24002_Q1	0	24002	1
89790_Q1	0	89790	1
66231_Q1	0	66231	1
76022_Q1	0	76022	1
85814_Q1	0	85814	1
72522_Q1	0	72522	1
24764_Q1	0	24764	1
56480_Q1	0	56480	1
39721_Q1	0	39721	1
52180_Q1	0	52180	1
95385_Q1	0	95385	1
31355_Q1	0	31355	1
23989_Q1	0	23989	1
23751_Q1	0	23751	1
24980_Q1	0	24980	1
61210_Q1	0	61210	1
91849_Q1	0	91849	1
23745_Q1	0	23745	1
40037_Q1	0	40037	1
31816_Q1	0	31816	1
86662_Q1	0	86662	1
59200_Q1	0	59200	1
40989_Q1	0	40989	1
38832_Q1	0	38832	1
38826_Q1	0	38826	1
101751_Q1	0	101751	1
91444_Q1	0	91444	1
101779_Q1	0	101779	1
87540_Q1	0	87540	1
97747_Q1	0	97747	1
66966_Q1	0	66966	1
49985_Q1	0	49985	1
25693_Q1	0	25693	1
101786_Q1	0	101786	1
24566_Q1	0	24566	1
30513_Q1	0	30513	1
84908_Q1	0	84908	1
39251_Q1	0	39251	1
95805_Q1	0	95805	1
39537_Q1	0	39537	1
51847_Q1	0	51847	1
40792_Q1	0	40792	1
24200_Q1	0	24200	1
22671_Q1	0	22671	1
24214_Q1	0	24214	1
50595_Q1	0	50595	1
39523_Q1	0	39523	1
40786_Q1	0	40786	1
51853_Q1	0	51853	1
65248_Q1	0	65248	1
60318_Q1	0	60318	1
90799_Q1	0	90799	1
75073_Q1	0	75073	1
97948_Q1	0	97948	1
24228_Q1	0	24228	1
75067_Q1	0	75067	1
91493_Q1	0	91493	1
72708_Q1	0	72708	1
65274_Q1	0	65274	1
26359_Q1	0	26359	1
68750_Q1	0	68750	1
24229_Q1	0	24229	1
68751_Q1	0	68751	1
27046_Q1	0	27046	1
91492_Q1	0	91492	1
72709_Q1	0	72709	1
75066_Q1	0	75066	1
75072_Q1	0	75072	1
90798_Q1	0	90798	1
73403_Q1	0	73403	1
97949_Q1	0	97949	1
39522_Q1	0	39522	1
65249_Q1	0	65249	1
60331_Q1	0	60331	1
39250_Q1	0	39250	1
95804_Q1	0	95804	1
24201_Q1	0	24201	1
40793_Q1	0	40793	1
72912_Q1	0	72912	1
91451_Q1	0	91451	1
49984_Q1	0	49984	1
87227_Q1	0	87227	1
91445_Q1	0	91445	1
87541_Q1	0	87541	1
70877_Q1	0	70877	1
81118_Q1	0	81118	1
75927_Q1	0	75927	1
40744_Q1	0	40744	1
38827_Q1	0	38827	1
31817_Q1	0	31817	1
40988_Q1	0	40988	1
59201_Q1	0	59201	1
86663_Q1	0	86663	1
91848_Q1	0	91848	1
61211_Q1	0	61211	1
95390_Q1	0	95390	1
23744_Q1	0	23744	1
98878_Q1	0	98878	1
31354_Q1	0	31354	1
95384_Q1	0	95384	1
61205_Q1	0	61205	1
46862_Q1	0	46862	1
52181_Q1	0	52181	1
39720_Q1	0	39720	1
39734_Q1	0	39734	1
40591_Q1	0	40591	1
76023_Q1	0	76023	1
66230_Q1	0	66230	1
85815_Q1	0	85815	1
85626_Q1	0	85626	1
62903_Q1	0	62903	1
80038_Q1	0	80038	1
86449_Q1	0	86449	1
26827_Q1	0	26827	1
83531_Q1	0	83531	1
40208_Q1	0	40208	1
30937_Q1	0	30937	1
85632_Q1	0	85632	1
84504_Q1	0	84504	1
67847_Q1	0	67847	1
40546_Q1	0	40546	1
53248_Q1	0	53248	1
99541_Q1	0	99541	1
37902_Q1	0	37902	1
40552_Q1	0	40552	1
40234_Q1	0	40234	1
39091_Q1	0	39091	1
67853_Q1	0	67853	1
86307_Q1	0	86307	1
87019_Q1	0	87019	1
98139_Q1	0	98139	1
25527_Q1	0	25527	1
38576_Q1	0	38576	1
89815_Q1	0	89815	1
72319_Q1	0	72319	1
39132_Q1	0	39132	1
40397_Q1	0	40397	1
79516_Q1	0	79516	1
62888_Q1	0	62888	1
22512_Q1	0	22512	1
89829_Q1	0	89829	1
72325_Q1	0	72325	1
30116_Q1	0	30116	1
66344_Q1	0	66344	1
74740_Q1	0	74740	1
72331_Q1	0	72331	1
91914_Q1	0	91914	1
26006_Q1	0	26006	1
40383_Q1	0	40383	1
62877_Q1	0	62877	1
74973_Q1	0	74973	1
87623_Q1	0	87623	1
48052_Q1	0	48052	1
85034_Q1	0	85034	1
92548_Q1	0	92548	1
39873_Q1	0	39873	1
85020_Q1	0	85020	1
39867_Q1	0	39867	1
74967_Q1	0	74967	1
98717_Q1	0	98717	1
98071_Q1	0	98071	1
41062_Q1	0	41062	1
37862_Q1	0	37862	1
39697_Q1	0	39697	1
85008_Q1	0	85008	1
59177_Q1	0	59177	1
52744_Q1	0	52744	1
97829_Q1	0	97829	1
40817_Q1	0	40817	1
25725_Q1	0	25725	1
90820_Q1	0	90820	1
23354_Q1	0	23354	1
25731_Q1	0	25731	1
90834_Q1	0	90834	1
72669_Q1	0	72669	1
85587_Q1	0	85587	1
78344_Q1	0	78344	1
38760_Q1	0	38760	1
55598_Q1	0	55598	1
25719_Q1	0	25719	1
23368_Q1	0	23368	1
95964_Q1	0	95964	1
95970_Q1	0	95970	1
72655_Q1	0	72655	1
101195_Q1	0	101195	1
82559_Q1	0	82559	1
84128_Q1	0	84128	1
55567_Q1	0	55567	1
91525_Q1	0	91525	1
79933_Q1	0	79933	1
51067_Q1	0	51067	1
84896_Q1	0	84896	1
92038_Q1	0	92038	1
91531_Q1	0	91531	1
97626_Q1	0	97626	1
55573_Q1	0	55573	1
84114_Q1	0	84114	1
40630_Q1	0	40630	1
40156_Q1	0	40156	1
84672_Q1	0	84672	1
80414_Q1	0	80414	1
38947_Q1	0	38947	1
81078_Q1	0	81078	1
87379_Q1	0	87379	1
71402_Q1	0	71402	1
31026_Q1	0	31026	1
78340_Q1	0	78340	1
25735_Q1	0	25735	1
90824_Q1	0	90824	1
25721_Q1	0	25721	1
84689_Q1	0	84689	1
39308_Q1	0	39308	1
38770_Q1	0	38770	1
78354_Q1	0	78354	1
23436_Q1	0	23436	1
24371_Q1	0	24371	1
72651_Q1	0	72651	1
32275_Q1	0	32275	1
25709_Q1	0	25709	1
40185_Q1	0	40185	1
30462_Q1	0	30462	1
30476_Q1	0	30476	1
90818_Q1	0	90818	1
72645_Q1	0	72645	1
76345_Q1	0	76345	1
78368_Q1	0	78368	1
98075_Q1	0	98075	1
87155_Q1	0	87155	1
90429_Q1	0	90429	1
62867_Q1	0	62867	1
98713_Q1	0	98713	1
39863_Q1	0	39863	1
98707_Q1	0	98707	1
91045_Q1	0	91045	1
52768_Q1	0	52768	1
41072_Q1	0	41072	1
86277_Q1	0	86277	1
101436_Q1	0	101436	1
85018_Q1	0	85018	1
37866_Q1	0	37866	1
39693_Q1	0	39693	1
40350_Q1	0	40350	1
78817_Q1	0	78817	1
52754_Q1	0	52754	1
86288_Q1	0	86288	1
26980_Q1	0	26980	1
38566_Q1	0	38566	1
23634_Q1	0	23634	1
89811_Q1	0	89811	1
25245_Q1	0	25245	1
82944_Q1	0	82944	1
50802_Q1	0	50802	1
62898_Q1	0	62898	1
98934_Q1	0	98934	1
74744_Q1	0	74744	1
28991_Q1	0	28991	1
66340_Q1	0	66340	1
98920_Q1	0	98920	1
72321_Q1	0	72321	1
22516_Q1	0	22516	1
85636_Q1	0	85636	1
84528_Q1	0	84528	1
30933_Q1	0	30933	1
87021_Q1	0	87021	1
52608_Q1	0	52608	1
99579_Q1	0	99579	1
81336_Q1	0	81336	1
39917_Q1	0	39917	1
39903_Q1	0	39903	1
32856_Q1	0	32856	1
55615_Q1	0	55615	1
100674_Q1	0	100674	1
85622_Q1	0	85622	1
30927_Q1	0	30927	1
86303_Q1	0	86303	1
46641_Q1	0	46641	1
95419_Q1	0	95419	1
39095_Q1	0	39095	1
86465_Q1	0	86465	1
97568_Q1	0	97568	1
90207_Q1	0	90207	1
86471_Q1	0	86471	1
40542_Q1	0	40542	1
37912_Q1	0	37912	1
98129_Q1	0	98129	1
99237_Q1	0	99237	1
25443_Q1	0	25443	1
31350_Q1	0	31350	1
97583_Q1	0	97583	1
23998_Q1	0	23998	1
61215_Q1	0	61215	1
72527_Q1	0	72527	1
98698_Q1	0	98698	1
89795_Q1	0	89795	1
66234_Q1	0	66234	1
93901_Q1	0	93901	1
99592_Q1	0	99592	1
61229_Q1	0	61229	1
93530_Q1	0	93530	1
93242_Q1	0	93242	1
49758_Q1	0	49758	1
69488_Q1	0	69488	1
91455_Q1	0	91455	1
52183_Q1	0	52183	1
89787_Q1	0	89787	1
85817_Q1	0	85817	1
72521_Q1	0	72521	1
24001_Q1	0	24001	1
38428_Q1	0	38428	1
66232_Q1	0	66232	1
76021_Q1	0	76021	1
39736_Q1	0	39736	1
23746_Q1	0	23746	1
76009_Q1	0	76009	1
61213_Q1	0	61213	1
24983_Q1	0	24983	1
61207_Q1	0	61207	1
79448_Q1	0	79448	1
95386_Q1	0	95386	1
97591_Q1	0	97591	1
23752_Q1	0	23752	1
66959_Q1	0	66959	1
47029_Q1	0	47029	1
75925_Q1	0	75925	1
70849_Q1	0	70849	1
31815_Q1	0	31815	1
49986_Q1	0	49986	1
68948_Q1	0	68948	1
91453_Q1	0	91453	1
97744_Q1	0	97744	1
75919_Q1	0	75919	1
38819_Q1	0	38819	1
38158_Q1	0	38158	1
27078_Q1	0	27078	1
60333_Q1	0	60333	1
39246_Q1	0	39246	1
73429_Q1	0	73429	1
39520_Q1	0	39520	1
40791_Q1	0	40791	1
40949_Q1	0	40949	1
22672_Q1	0	22672	1
101785_Q1	0	101785	1
72723_Q1	0	72723	1
30510_Q1	0	30510	1
47940_Q1	0	47940	1
95806_Q1	0	95806	1
39252_Q1	0	39252	1
75064_Q1	0	75064	1
38170_Q1	0	38170	1
65263_Q1	0	65263	1
99967_Q1	0	99967	1
25120_Q1	0	25120	1
90943_Q1	0	90943	1
27045_Q1	0	27045	1
91491_Q1	0	91491	1
25652_Q1	0	25652	1
40790_Q1	0	40790	1
51845_Q1	0	51845	1
95807_Q1	0	95807	1
39253_Q1	0	39253	1
30511_Q1	0	30511	1
39247_Q1	0	39247	1
39521_Q1	0	39521	1
87542_Q1	0	87542	1
48333_Q1	0	48333	1
91446_Q1	0	91446	1
87230_Q1	0	87230	1
68949_Q1	0	68949	1
100317_Q1	0	100317	1
97745_Q1	0	97745	1
59202_Q1	0	59202	1
101021_Q1	0	101021	1
31814_Q1	0	31814	1
93279_Q1	0	93279	1
66958_Q1	0	66958	1
101753_Q1	0	101753	1
75924_Q1	0	75924	1
61206_Q1	0	61206	1
79449_Q1	0	79449	1
46861_Q1	0	46861	1
32138_Q1	0	32138	1
25444_Q1	0	25444	1
23753_Q1	0	23753	1
95387_Q1	0	95387	1
76008_Q1	0	76008	1
23747_Q1	0	23747	1
61212_Q1	0	61212	1
72520_Q1	0	72520	1
46685_Q1	0	46685	1
79475_Q1	0	79475	1
85816_Q1	0	85816	1
76020_Q1	0	76020	1
66233_Q1	0	66233	1
24000_Q1	0	24000	1
52182_Q1	0	52182	1
78019_Q1	0	78019	1
66227_Q1	0	66227	1
86338_Q1	0	86338	1
30934_Q1	0	30934	1
56469_Q1	0	56469	1
41115_Q1	0	41115	1
26830_Q1	0	26830	1
51059_Q1	0	51059	1
84670_Q1	0	84670	1
40632_Q1	0	40632	1
39497_Q1	0	39497	1
84116_Q1	0	84116	1
97618_Q1	0	97618	1
84664_Q1	0	84664	1
40140_Q1	0	40140	1
79931_Q1	0	79931	1
40168_Q1	0	40168	1
98265_Q1	0	98265	1
72864_Q1	0	72864	1
97630_Q1	0	97630	1
85234_Q1	0	85234	1
47175_Q1	0	47175	1
55571_Q1	0	55571	1
91255_Q1	0	91255	1
97624_Q1	0	97624	1
80358_Q1	0	80358	1
51071_Q1	0	51071	1
84658_Q1	0	84658	1
40197_Q1	0	40197	1
40829_Q1	0	40829	1
72657_Q1	0	72657	1
90822_Q1	0	90822	1
24439_Q1	0	24439	1
25727_Q1	0	25727	1
85591_Q1	0	85591	1
78352_Q1	0	78352	1
99806_Q1	0	99806	1
81085_Q1	0	81085	1
40801_Q1	0	40801	1
30458_Q1	0	30458	1
85585_Q1	0	85585	1
39695_Q1	0	39695	1
37860_Q1	0	37860	1
41048_Q1	0	41048	1
97368_Q1	0	97368	1
52746_Q1	0	52746	1
59175_Q1	0	59175	1
26979_Q1	0	26979	1
51529_Q1	0	51529	1
39681_Q1	0	39681	1
37874_Q1	0	37874	1
87609_Q1	0	87609	1
99437_Q1	0	99437	1
39871_Q1	0	39871	1
91043_Q1	0	91043	1
94649_Q1	0	94649	1
62861_Q1	0	62861	1
98073_Q1	0	98073	1
98715_Q1	0	98715	1
91057_Q1	0	91057	1
68394_Q1	0	68394	1
93873_Q1	0	93873	1
30114_Q1	0	30114	1
72327_Q1	0	72327	1
25519_Q1	0	25519	1
39130_Q1	0	39130	1
79500_Q1	0	79500	1
40381_Q1	0	40381	1
39124_Q1	0	39124	1
91916_Q1	0	91916	1
72333_Q1	0	72333	1
74742_Q1	0	74742	1
28997_Q1	0	28997	1
23632_Q1	0	23632	1
82942_Q1	0	82942	1
30128_Q1	0	30128	1
38212_Q1	0	38212	1
25531_Q1	0	25531	1
26038_Q1	0	26038	1
39118_Q1	0	39118	1
68357_Q1	0	68357	1
80199_Q1	0	80199	1
86477_Q1	0	86477	1
23961_Q1	0	23961	1
51449_Q1	0	51449	1
85618_Q1	0	85618	1
67851_Q1	0	67851	1
46647_Q1	0	46647	1
39093_Q1	0	39093	1
40236_Q1	0	40236	1
37900_Q1	0	37900	1
40550_Q1	0	40550	1
49212_Q1	0	49212	1
86463_Q1	0	86463	1
98885_Q1	0	98885	1
83533_Q1	0	83533	1
100114_Q1	0	100114	1
89778_Q1	0	89778	1
62901_Q1	0	62901	1
100672_Q1	0	100672	1
85624_Q1	0	85624	1
41114_Q1	0	41114	1
56468_Q1	0	56468	1
85630_Q1	0	85630	1
30935_Q1	0	30935	1
53276_Q1	0	53276	1
26831_Q1	0	26831	1
40851_Q1	0	40851	1
78316_Q1	0	78316	1
40689_Q1	0	40689	1
98584_Q1	0	98584	1
23312_Q1	0	23312	1
25763_Q1	0	25763	1
68663_Q1	0	68663	1
80485_Q1	0	80485	1
26242_Q1	0	26242	1
47870_Q1	0	47870	1
76313_Q1	0	76313	1
76307_Q1	0	76307	1
39376_Q1	0	39376	1
30434_Q1	0	30434	1
62414_Q1	0	62414	1
24441_Q1	0	24441	1
75168_Q1	0	75168	1
87671_Q1	0	87671	1
85066_Q1	0	85066	1
102141_Q1	0	102141	1
41024_Q1	0	41024	1
101448_Q1	0	101448	1
57652_Q1	0	57652	1
41030_Q1	0	41030	1
85072_Q1	0	85072	1
40448_Q1	0	40448	1
60798_Q1	0	60798	1
73082_Q1	0	73082	1
87665_Q1	0	87665	1
31299_Q1	0	31299	1
40460_Q1	0	40460	1
86553_Q1	0	86553	1
86235_Q1	0	86235	1
99315_Q1	0	99315	1
41018_Q1	0	41018	1
78841_Q1	0	78841	1
26097_Q1	0	26097	1
48996_Q1	0	48996	1
53408_Q1	0	53408	1
86547_Q1	0	86547	1
60997_Q1	0	60997	1
23662_Q1	0	23662	1
98792_Q1	0	98792	1
71124_Q1	0	71124	1
78666_Q1	0	78666	1
57685_Q1	0	57685	1
78672_Q1	0	78672	1
23676_Q1	0	23676	1
98786_Q1	0	98786	1
77227_Q1	0	77227	1
60983_Q1	0	60983	1
23886_Q1	0	23886	1
26726_Q1	0	26726	1
66302_Q1	0	66302	1
85099_Q1	0	85099	1
79544_Q1	0	79544	1
71118_Q1	0	71118	1
26040_Q1	0	26040	1
39174_Q1	0	39174	1
26054_Q1	0	26054	1
86584_Q1	0	86584	1
98962_Q1	0	98962	1
74855_Q1	0	74855	1
81374_Q1	0	81374	1
83563_Q1	0	83563	1
66289_Q1	0	66289	1
51425_Q1	0	51425	1
98143_Q1	0	98143	1
86369_Q1	0	86369	1
70399_Q1	0	70399	1
39941_Q1	0	39941	1
81360_Q1	0	81360	1
37944_Q1	0	37944	1
39969_Q1	0	39969	1
69186_Q1	0	69186	1
86427_Q1	0	86427	1
24086_Q1	0	24086	1
23931_Q1	0	23931	1
52676_Q1	0	52676	1
40272_Q1	0	40272	1
84556_Q1	0	84556	1
40266_Q1	0	40266	1
84542_Q1	0	84542	1
86433_Q1	0	86433	1
24092_Q1	0	24092	1
101272_Q1	0	101272	1
80042_Q1	0	80042	1
37950_Q1	0	37950	1
40500_Q1	0	40500	1
69192_Q1	0	69192	1
60808_Q1	0	60808	1
49242_Q1	0	49242	1
47284_Q1	0	47284	1
24079_Q1	0	24079	1
26108_Q1	0	26108	1
40299_Q1	0	40299	1
55694_Q1	0	55694	1
100193_Q1	0	100193	1
70414_Q1	0	70414	1
94786_Q1	0	94786	1
90228_Q1	0	90228	1
89779_Q1	0	89779	1
55612_Q1	0	55612	1
39904_Q1	0	39904	1
83532_Q1	0	83532	1
100673_Q1	0	100673	1
62900_Q1	0	62900	1
40237_Q1	0	40237	1
39092_Q1	0	39092	1
67850_Q1	0	67850	1
86304_Q1	0	86304	1
86462_Q1	0	86462	1
99542_Q1	0	99542	1
37901_Q1	0	37901	1
39938_Q1	0	39938	1
51448_Q1	0	51448	1
40545_Q1	0	40545	1
37915_Q1	0	37915	1
23960_Q1	0	23960	1
39086_Q1	0	39086	1
85619_Q1	0	85619	1
68430_Q1	0	68430	1
26039_Q1	0	26039	1
30129_Q1	0	30129	1
82943_Q1	0	82943	1
89816_Q1	0	89816	1
23633_Q1	0	23633	1
91917_Q1	0	91917	1
28996_Q1	0	28996	1
74743_Q1	0	74743	1
72332_Q1	0	72332	1
72326_Q1	0	72326	1
38549_Q1	0	38549	1
39131_Q1	0	39131	1
98072_Q1	0	98072	1
62860_Q1	0	62860	1
85023_Q1	0	85023	1
39864_Q1	0	39864	1
98714_Q1	0	98714	1
74970_Q1	0	74970	1
98066_Q1	0	98066	1
86258_Q1	0	86258	1
101431_Q1	0	101431	1
52747_Q1	0	52747	1
99436_Q1	0	99436	1
87608_Q1	0	87608	1
51528_Q1	0	51528	1
26978_Q1	0	26978	1
59174_Q1	0	59174	1
37861_Q1	0	37861	1
39694_Q1	0	39694	1
97369_Q1	0	97369	1
86264_Q1	0	86264	1
52753_Q1	0	52753	1
78347_Q1	0	78347	1
40800_Q1	0	40800	1
81084_Q1	0	81084	1
25732_Q1	0	25732	1
90837_Q1	0	90837	1
85584_Q1	0	85584	1
85590_Q1	0	85590	1
87387_Q1	0	87387	1
25726_Q1	0	25726	1
24438_Q1	0	24438	1
90823_Q1	0	90823	1
81090_Q1	0	81090	1
99807_Q1	0	99807	1
78353_Q1	0	78353	1
30465_Q1	0	30465	1
52586_Q1	0	52586	1
72656_Q1	0	72656	1
95967_Q1	0	95967	1
40828_Q1	0	40828	1
91254_Q1	0	91254	1
99608_Q1	0	99608	1
55570_Q1	0	55570	1
47174_Q1	0	47174	1
84659_Q1	0	84659	1
51070_Q1	0	51070	1
91532_Q1	0	91532	1
91526_Q1	0	91526	1
72865_Q1	0	72865	1
98264_Q1	0	98264	1
40169_Q1	0	40169	1
51064_Q1	0	51064	1
84895_Q1	0	84895	1
85235_Q1	0	85235	1
78390_Q1	0	78390	1
55564_Q1	0	55564	1
84103_Q1	0	84103	1
38944_Q1	0	38944	1
97619_Q1	0	97619	1
80403_Q1	0	80403	1
84665_Q1	0	84665	1
40155_Q1	0	40155	1
84671_Q1	0	84671	1
51058_Q1	0	51058	1
87378_Q1	0	87378	1
84117_Q1	0	84117	1
40633_Q1	0	40633	1
94368_Q1	0	94368	1
97659_Q1	0	97659	1
79958_Q1	0	79958	1
26284_Q1	0	26284	1
25955_Q1	0	25955	1
25799_Q1	0	25799	1
25941_Q1	0	25941	1
68841_Q1	0	68841	1
84631_Q1	0	84631	1
26290_Q1	0	26290	1
96553_Q1	0	96553	1
80331_Q1	0	80331	1
85261_Q1	0	85261	1
74298_Q1	0	74298	1
100551_Q1	0	100551	1
38086_Q1	0	38086	1
79964_Q1	0	79964	1
87304_Q1	0	87304	1
90678_Q1	0	90678	1
100545_Q1	0	100545	1
97671_Q1	0	97671	1
85275_Q1	0	85275	1
24336_Q1	0	24336	1
80480_Q1	0	80480	1
90693_Q1	0	90693	1
26247_Q1	0	26247	1
38079_Q1	0	38079	1
26253_Q1	0	26253	1
30431_Q1	0	30431	1
49694_Q1	0	49694	1
90687_Q1	0	90687	1
39415_Q1	0	39415	1
40698_Q1	0	40698	1
102385_Q1	0	102385	1
38045_Q1	0	38045	1
25772_Q1	0	25772	1
25766_Q1	0	25766	1
69578_Q1	0	69578	1
78313_Q1	0	78313	1
74529_Q1	0	74529	1
98581_Q1	0	98581	1
52707_Q1	0	52707	1
26086_Q1	0	26086	1
78844_Q1	0	78844	1
49327_Q1	0	49327	1
40465_Q1	0	40465	1
86556_Q1	0	86556	1
86542_Q1	0	86542	1
60979_Q1	0	60979	1
31288_Q1	0	31288	1
26092_Q1	0	26092	1
59646_Q1	0	59646	1
75384_Q1	0	75384	1
89881_Q1	0	89881	1
55732_Q1	0	55732	1
85063_Q1	0	85063	1
40459_Q1	0	40459	1
51540_Q1	0	51540	1
88553_Q1	0	88553	1
41035_Q1	0	41035	1
26045_Q1	0	26045	1
38509_Q1	0	38509	1
85088_Q1	0	85088	1
86581_Q1	0	86581	1
98967_Q1	0	98967	1
79555_Q1	0	79555	1
60004_Q1	0	60004	1
26051_Q1	0	26051	1
38247_Q1	0	38247	1
71121_Q1	0	71121	1
78663_Q1	0	78663	1
26079_Q1	0	26079	1
50851_Q1	0	50851	1
60992_Q1	0	60992	1
65632_Q1	0	65632	1
24108_Q1	0	24108	1
23673_Q1	0	23673	1
77222_Q1	0	77222	1
60986_Q1	0	60986	1
78677_Q1	0	78677	1
47487_Q1	0	47487	1
62968_Q1	0	62968	1
41169_Q1	0	41169	1
92331_Q1	0	92331	1
60819_Q1	0	60819	1
24083_Q1	0	24083	1
81359_Q1	0	81359	1
86436_Q1	0	86436	1
80047_Q1	0	80047	1
37955_Q1	0	37955	1
69197_Q1	0	69197	1
49247_Q1	0	49247	1
51408_Q1	0	51408	1
94754_Q1	0	94754	1
52667_Q1	0	52667	1
55108_Q1	0	55108	1
70388_Q1	0	70388	1
98146_Q1	0	98146	1
86378_Q1	0	86378	1
81371_Q1	0	81371	1
60985_Q1	0	60985	1
40499_Q1	0	40499	1
50852_Q1	0	50852	1
60991_Q1	0	60991	1
23664_Q1	0	23664	1
65631_Q1	0	65631	1
71122_Q1	0	71122	1
67998_Q1	0	67998	1
78660_Q1	0	78660	1
47490_Q1	0	47490	1
84544_Q1	0	84544	1
52664_Q1	0	52664	1
86435_Q1	0	86435	1
90257_Q1	0	90257	1
80044_Q1	0	80044	1
49244_Q1	0	49244	1
69194_Q1	0	69194	1
83559_Q1	0	83559	1
80050_Q1	0	80050	1
23937_Q1	0	23937	1
52670_Q1	0	52670	1
52658_Q1	0	52658	1
41142_Q1	0	41142	1
84578_Q1	0	84578	1
85100_Q1	0	85100	1
39947_Q1	0	39947	1
97504_Q1	0	97504	1
80078_Q1	0	80078	1
83565_Q1	0	83565	1
51423_Q1	0	51423	1
39953_Q1	0	39953	1
85672_Q1	0	85672	1
40248_Q1	0	40248	1
98145_Q1	0	98145	1
96183_Q1	0	96183	1
91834_Q1	0	91834	1
39006_Q1	0	39006	1
26126_Q1	0	26126	1
30744_Q1	0	30744	1
79422_Q1	0	79422	1
66264_Q1	0	66264	1
82848_Q1	0	82848	1
70406_Q1	0	70406	1
24057_Q1	0	24057	1
98810_Q1	0	98810	1
23738_Q1	0	23738	1
89909_Q1	0	89909	1
70412_Q1	0	70412	1
30750_Q1	0	30750	1
79436_Q1	0	79436	1
86384_Q1	0	86384	1
97289_Q1	0	97289	1
29229_Q1	0	29229	1
55692_Q1	0	55692	1
31300_Q1	0	31300	1
26668_Q1	0	26668	1
47282_Q1	0	47282	1
75967_Q1	0	75967	1
55309_Q1	0	55309	1
25836_Q1	0	25836	1
84746_Q1	0	84746	1
68936_Q1	0	68936	1
56600_Q1	0	56600	1
94541_Q1	0	94541	1
84752_Q1	0	84752	1
63877_Q1	0	63877	1
25822_Q1	0	25822	1
54765_Q1	0	54765	1
75973_Q1	0	75973	1
52314_Q1	0	52314	1
96430_Q1	0	96430	1
40710_Q1	0	40710	1
65590_Q1	0	65590	1
85302_Q1	0	85302	1
77194_Q1	0	77194	1
94569_Q1	0	94569	1
70604_Q1	0	70604	1
39562_Q1	0	39562	1
84785_Q1	0	84785	1
87298_Q1	0	87298	1
94582_Q1	0	94582	1
68739_Q1	0	68739	1
39210_Q1	0	39210	1
39576_Q1	0	39576	1
30234_Q1	0	30234	1
27760_Q1	0	27760	1
100397_Q1	0	100397	1
101089_Q1	0	101089	1
75998_Q1	0	75998	1
72749_Q1	0	72749	1
26318_Q1	0	26318	1
23512_Q1	0	23512	1
63136_Q1	0	63136	1
40937_Q1	0	40937	1
49912_Q1	0	49912	1
40936_Q1	0	40936	1
63137_Q1	0	63137	1
23513_Q1	0	23513	1
75999_Q1	0	75999	1
101088_Q1	0	101088	1
75911_Q1	0	75911	1
38811_Q1	0	38811	1
40772_Q1	0	40772	1
68940_Q1	0	68940	1
51119_Q1	0	51119	1
84730_Q1	0	84730	1
25840_Q1	0	25840	1
68954_Q1	0	68954	1
40000_Q1	0	40000	1
94537_Q1	0	94537	1
40766_Q1	0	40766	1
56104_Q1	0	56104	1
86655_Q1	0	86655	1
75905_Q1	0	75905	1
88678_Q1	0	88678	1
46698_Q1	0	46698	1
79468_Q1	0	79468	1
61227_Q1	0	61227	1
102092_Q1	0	102092	1
38434_Q1	0	38434	1
99588_Q1	0	99588	1
98696_Q1	0	98696	1
72529_Q1	0	72529	1
79454_Q1	0	79454	1
23996_Q1	0	23996	1
76001_Q1	0	76001	1
79440_Q1	0	79440	1
85610_Q1	0	85610	1
87007_Q1	0	87007	1
53256_Q1	0	53256	1
85176_Q1	0	85176	1
51441_Q1	0	51441	1
83507_Q1	0	83507	1
97566_Q1	0	97566	1
85604_Q1	0	85604	1
41120_Q1	0	41120	1
95417_Q1	0	95417	1
30929_Q1	0	30929	1
40570_Q1	0	40570	1
37920_Q1	0	37920	1
90221_Q1	0	90221	1
52174_Q1	0	52174	1
86443_Q1	0	86443	1
87985_Q1	0	87985	1
99577_Q1	0	99577	1
39919_Q1	0	39919	1
84526_Q1	0	84526	1
79483_Q1	0	79483	1
86331_Q1	0	86331	1
62882_Q1	0	62882	1
41083_Q1	0	41083	1
38540_Q1	0	38540	1
31202_Q1	0	31202	1
22518_Q1	0	22518	1
65653_Q1	0	65653	1
65647_Q1	0	65647	1
62896_Q1	0	62896	1
39104_Q1	0	39104	1
84485_Q1	0	84485	1
100915_Q1	0	100915	1
90396_Q1	0	90396	1
30120_Q1	0	30120	1
37897_Q1	0	37897	1
38568_Q1	0	38568	1
30134_Q1	0	30134	1
90382_Q1	0	90382	1
22530_Q1	0	22530	1
86286_Q1	0	86286	1
84491_Q1	0	84491	1
78819_Q1	0	78819	1
88526_Q1	0	88526	1
26971_Q1	0	26971	1
85016_Q1	0	85016	1
98721_Q1	0	98721	1
101438_Q1	0	101438	1
86279_Q1	0	86279	1
41054_Q1	0	41054	1
32092_Q1	0	32092	1
56500_Q1	0	56500	1
78825_Q1	0	78825	1
40404_Q1	0	40404	1
37854_Q1	0	37854	1
92542_Q1	0	92542	1
39879_Q1	0	39879	1
74979_Q1	0	74979	1
98709_Q1	0	98709	1
96730_Q1	0	96730	1
41068_Q1	0	41068	1
40376_Q1	0	40376	1
90427_Q1	0	90427	1
62869_Q1	0	62869	1
88081_Q1	0	88081	1
25713_Q1	0	25713	1
90816_Q1	0	90816	1
25707_Q1	0	25707	1
78372_Q1	0	78372	1
38756_Q1	0	38756	1
39460_Q1	0	39460	1
81099_Q1	0	81099	1
85599_Q1	0	85599	1
98693_Q1	0	98693	1
94042_Q1	0	94042	1
37925_Q1	0	37925	1
87980_Q1	0	87980	1
86446_Q1	0	86446	1
86320_Q1	0	86320	1
79492_Q1	0	79492	1
85629_Q1	0	85629	1
30938_Q1	0	30938	1
84523_Q1	0	84523	1
40207_Q1	0	40207	1
41119_Q1	0	41119	1
86334_Q1	0	86334	1
97239_Q1	0	97239	1
23944_Q1	0	23944	1
87994_Q1	0	87994	1
86452_Q1	0	86452	1
53253_Q1	0	53253	1
98644_Q1	0	98644	1
85173_Q1	0	85173	1
51444_Q1	0	51444	1
95360_Q1	0	95360	1
37919_Q1	0	37919	1
40549_Q1	0	40549	1
85615_Q1	0	85615	1
87002_Q1	0	87002	1
98136_Q1	0	98136	1
87016_Q1	0	87016	1
88325_Q1	0	88325	1
41125_Q1	0	41125	1
95412_Q1	0	95412	1
85601_Q1	0	85601	1
51450_Q1	0	51450	1
53247_Q1	0	53247	1
90393_Q1	0	90393	1
38579_Q1	0	38579	1
39101_Q1	0	39101	1
86297_Q1	0	86297	1
26035_Q1	0	26035	1
84494_Q1	0	84494	1
30131_Q1	0	30131	1
39673_Q1	0	39673	1
90387_Q1	0	90387	1
98903_Q1	0	98903	1
38545_Q1	0	38545	1
89826_Q1	0	89826	1
65656_Q1	0	65656	1
62887_Q1	0	62887	1
40398_Q1	0	40398	1
26009_Q1	0	26009	1
68400_Q1	0	68400	1
39129_Q1	0	39129	1
62893_Q1	0	62893	1
65642_Q1	0	65642	1
40401_Q1	0	40401	1
37851_Q1	0	37851	1
92547_Q1	0	92547	1
54474_Q1	0	54474	1
86254_Q1	0	86254	1
78820_Q1	0	78820	1
98718_Q1	0	98718	1
39868_Q1	0	39868	1
91072_Q1	0	91072	1
87610_Q1	0	87610	1
88523_Q1	0	88523	1
51530_Q1	0	51530	1
38586_Q1	0	38586	1
41045_Q1	0	41045	1
97365_Q1	0	97365	1
41051_Q1	0	41051	1
59178_Q1	0	59178	1
26974_Q1	0	26974	1
51524_Q1	0	51524	1
88537_Q1	0	88537	1
72672_Q1	0	72672	1
97826_Q1	0	97826	1
22723_Q1	0	22723	1
81088_Q1	0	81088	1
30455_Q1	0	30455	1
85588_Q1	0	85588	1
72666_Q1	0	72666	1
38021_Q1	0	38021	1
25716_Q1	0	25716	1
40824_Q1	0	40824	1
40830_Q1	0	40830	1
90807_Q1	0	90807	1
30469_Q1	0	30469	1
92023_Q1	0	92023	1
51068_Q1	0	51068	1
80341_Q1	0	80341	1
55568_Q1	0	55568	1
82556_Q1	0	82556	1
84127_Q1	0	84127	1
38974_Q1	0	38974	1
97629_Q1	0	97629	1
80355_Q1	0	80355	1
24385_Q1	0	24385	1
40171_Q1	0	40171	1
72855_Q1	0	72855	1
48505_Q1	0	48505	1
95415_Q1	0	95415	1
85606_Q1	0	85606	1
39099_Q1	0	39099	1
24976_Q1	0	24976	1
75287_Q1	0	75287	1
86469_Q1	0	86469	1
97564_Q1	0	97564	1
85160_Q1	0	85160	1
76003_Q1	0	76003	1
31348_Q1	0	31348	1
39714_Q1	0	39714	1
23994_Q1	0	23994	1
61219_Q1	0	61219	1
79456_Q1	0	79456	1
39066_Q1	0	39066	1
30724_Q1	0	30724	1
79442_Q1	0	79442	1
23758_Q1	0	23758	1
82828_Q1	0	82828	1
38436_Q1	0	38436	1
66238_Q1	0	66238	1
98694_Q1	0	98694	1
24584_Q1	0	24584	1
25842_Q1	0	25842	1
40016_Q1	0	40016	1
84732_Q1	0	84732	1
69484_Q1	0	69484	1
93528_Q1	0	93528	1
50563_Q1	0	50563	1
40770_Q1	0	40770	1
38813_Q1	0	38813	1
75913_Q1	0	75913	1
90021_Q1	0	90021	1
86643_Q1	0	86643	1
75907_Q1	0	75907	1
86657_Q1	0	86657	1
48338_Q1	0	48338	1
38807_Q1	0	38807	1
40002_Q1	0	40002	1
69490_Q1	0	69490	1
68956_Q1	0	68956	1
56890_Q1	0	56890	1
98327_Q1	0	98327	1
101758_Q1	0	101758	1
81110_Q1	0	81110	1
100320_Q1	0	100320	1
70843_Q1	0	70843	1
81104_Q1	0	81104	1
68759_Q1	0	68759	1
95824_Q1	0	95824	1
97955_Q1	0	97955	1
39502_Q1	0	39502	1
90790_Q1	0	90790	1
72715_Q1	0	72715	1
73423_Q1	0	73423	1
25665_Q1	0	25665	1
38152_Q1	0	38152	1
61027_Q1	0	61027	1
60339_Q1	0	60339	1
54922_Q1	0	54922	1
23566_Q1	0	23566	1
38146_Q1	0	38146	1
100491_Q1	0	100491	1
65255_Q1	0	65255	1
40942_Q1	0	40942	1
25670_Q1	0	25670	1
84900_Q1	0	84900	1
38147_Q1	0	38147	1
60338_Q1	0	60338	1
73422_Q1	0	73422	1
54923_Q1	0	54923	1
39503_Q1	0	39503	1
90791_Q1	0	90791	1
48488_Q1	0	48488	1
68758_Q1	0	68758	1
39517_Q1	0	39517	1
97954_Q1	0	97954	1
81105_Q1	0	81105	1
73393_Q1	0	73393	1
70842_Q1	0	70842	1
48463_Q1	0	48463	1
91470_Q1	0	91470	1
101759_Q1	0	101759	1
49769_Q1	0	49769	1
56891_Q1	0	56891	1
61783_Q1	0	61783	1
81111_Q1	0	81111	1
38806_Q1	0	38806	1
86656_Q1	0	86656	1
75906_Q1	0	75906	1
69491_Q1	0	69491	1
84727_Q1	0	84727	1
40003_Q1	0	40003	1
68943_Q1	0	68943	1
40017_Q1	0	40017	1
25843_Q1	0	25843	1
86642_Q1	0	86642	1
75912_Q1	0	75912	1
40771_Q1	0	40771	1
38812_Q1	0	38812	1
102094_Q1	0	102094	1
38432_Q1	0	38432	1
66228_Q1	0	66228	1
99571_Q1	0	99571	1
86451_Q1	0	86451	1
40562_Q1	0	40562	1
84520_Q1	0	84520	1
40204_Q1	0	40204	1
86337_Q1	0	86337	1
40210_Q1	0	40210	1
56472_Q1	0	56472	1
94041_Q1	0	94041	1
87983_Q1	0	87983	1
86445_Q1	0	86445	1
85164_Q1	0	85164	1
83515_Q1	0	83515	1
98135_Q1	0	98135	1
87015_Q1	0	87015	1
40238_Q1	0	40238	1
41126_Q1	0	41126	1
95411_Q1	0	95411	1
85602_Q1	0	85602	1
46649_Q1	0	46649	1
39089_Q1	0	39089	1
85616_Q1	0	85616	1
87001_Q1	0	87001	1
53250_Q1	0	53250	1
39937_Q1	0	39937	1
56328_Q1	0	56328	1
30132_Q1	0	30132	1
26988_Q1	0	26988	1
90384_Q1	0	90384	1
23628_Q1	0	23628	1
39102_Q1	0	39102	1
86294_Q1	0	86294	1
100913_Q1	0	100913	1
22522_Q1	0	22522	1
37891_Q1	0	37891	1
89831_Q1	0	89831	1
39894_Q1	0	39894	1
91918_Q1	0	91918	1
62884_Q1	0	62884	1
38220_Q1	0	38220	1
38546_Q1	0	38546	1
72329_Q1	0	72329	1
74980_Q1	0	74980	1
98069_Q1	0	98069	1
86257_Q1	0	86257	1
37852_Q1	0	37852	1
40402_Q1	0	40402	1
54477_Q1	0	54477	1
85010_Q1	0	85010	1
51527_Q1	0	51527	1
26977_Q1	0	26977	1
88252_Q1	0	88252	1
87161_Q1	0	87161	1
100720_Q1	0	100720	1
52748_Q1	0	52748	1
41046_Q1	0	41046	1
97366_Q1	0	97366	1
91071_Q1	0	91071	1
88520_Q1	0	88520	1
38585_Q1	0	38585	1
30456_Q1	0	30456	1
72665_Q1	0	72665	1
97831_Q1	0	97831	1
22720_Q1	0	22720	1
25729_Q1	0	25729	1
87388_Q1	0	87388	1
72671_Q1	0	72671	1
24437_Q1	0	24437	1
51080_Q1	0	51080	1
78374_Q1	0	78374	1
24379_Q1	0	24379	1
56923_Q1	0	56923	1
95968_Q1	0	95968	1
40199_Q1	0	40199	1
25715_Q1	0	25715	1
98294_Q1	0	98294	1
40172_Q1	0	40172	1
59345_Q1	0	59345	1
82541_Q1	0	82541	1
38977_Q1	0	38977	1
84130_Q1	0	84130	1
80356_Q1	0	80356	1
99607_Q1	0	99607	1
24386_Q1	0	24386	1
80342_Q1	0	80342	1
82555_Q1	0	82555	1
84124_Q1	0	84124	1
79917_Q1	0	79917	1
85574_Q1	0	85574	1
97616_Q1	0	97616	1
85206_Q1	0	85206	1
84118_Q1	0	84118	1
97164_Q1	0	97164	1
72856_Q1	0	72856	1
79903_Q1	0	79903	1
68836_Q1	0	68836	1
