doc_id	score
40555	15.440446579698586
78314	14.747279370073342
60344	14.019004071001076
85205	13.730308258775734
98172	13.652616465333962
84527	13.336386823896431
26244	13.166903996709847
25950	13.16443243050959
80413	13.134739244226479
60977	13.071928704027199
100399	13.066507661584877
39169	12.738638216499352
25945	12.70802676105883
89812	12.70537539744761
55293	12.60600281680014
87005	12.514010179657602
58808	12.251016581300759
53832	12.237990075592064
39423	12.204837465528511
83508	12.101735139135384
86617	12.072306239847206
30752	12.028721177820229
24108	11.991945886854195
75391	11.792964244131111
84787	11.763341152910256
23487	11.676221752409004
39208	11.543886447195076
40793	11.533516907934212
90837	11.193238461259865
62885	11.10189148211863
37861	11.078475559000038
69488	10.937822783235573
82548	10.768275106195473
51427	10.763617718462013
97629	10.738744819406532
38294	10.530903542284035
40402	10.408442223314308
87664	10.40163251185801
76345	10.336075985673927
39972	10.330373013261818
84542	10.223598444704079
39569	9.890694105867409
84140	9.862001383546852
71118	9.816460812334084
37854	9.79778238559153
40647	9.725545132402443
40546	9.274556124452614
82855	8.962880814317726
37851	8.488401377443337
38770	7.836103880647682
97583	6.382561536976211
38573	6.342667128957576
90442	6.318406023374966
51537	6.306653846296311
94547	6.242269018991668
98066	6.223363538507293
82537	6.175978271171029
66256	6.163362678201735
96748	6.125777298810973
90790	5.93723844039134
56686	5.876497808146983
53378	5.876077695085795
97619	5.869248034898556
52721	5.722150856245603
95560	5.652887680040488
87981	5.561736868707319
97667	5.508914996398688
22720	5.288881907888696
97398	5.149708618286831
81079	5.086473660303895
60807	5.077675338629202
62877	5.064742828313826
40455	5.007499597346739
90223	4.974165102339029
93516	4.951988672318184
87007	4.812225156494037
67990	4.751598023507998
82533	4.726309976722985
24083	4.721573288081091
30928	4.664764904392982
53276	4.6646372678970005
79441	4.6524727799474945
84750	4.650512621828605
37896	4.629036032290686
87371	4.6170748149787535
40161	4.578071362829018
62869	4.5474527175570305
81025	4.479057771074381
68663	4.470288070788925
84124	4.454781990956183
51068	4.371385401150111
86657	4.335415889897531
62414	4.268768196403965
99591	4.243205029563569
39062	4.220665212890573
74736	4.2025379634021744
90382	4.201559742039832
40591	4.0888099263966025
87006	4.042049156205013
86279	3.94959609323295
85159	3.8890479172126775
86472	3.883168428292237
94003	3.8403501568276734
80345	3.8339014246098033
40697	3.806910530197808
84544	3.802683511496116
78661	3.762990122276119
87228	3.760235714683716
86444	3.751311672021052
25951	3.7369850477785356
66342	3.7120073744297266
91834	3.6906727787190543
67203	3.681415815924533
93634	3.6159849113656044
24506	3.5205776723703672
91532	3.4936421790827565
86207	3.46477728996528
39743	3.4432954535803226
84939	3.4220783532793733
73405	3.373758845265356
78862	3.362716676597084
41026	3.300601001132944
87623	3.2600904467376886
84530	3.2566605138514357
51118	3.183008734770152
78844	3.1682854924137738
31348	3.125397117587405
79421	3.0827291423123104
58475	3.0552280265088596
48173	3.0021105615336365
91475	2.9533531574217124
89831	2.9465771597164614
30430	2.820006698480547
38220	2.770577467110756
85633	2.7631263548643727
23979	2.7446727428203905
70883	2.6893531228542424
86464	2.5709132366407474
98174	2.560023175915555
25196	2.4758167737055055
86377	2.428129982072698
73084	2.2972859002264485
87229	2.2837539529843944
84630	2.167635136785074
24983	2.1263625781808613
79442	2.0832475899967156
95383	1.7367346093639766
61207	1.5212448390621638
38923	1.5016785337722964
26359	1.3602253271621845
64444	0.4372235017161985
38949	0.0
97614	0.0
85576	0.0
79901	0.0
72854	0.0
100534	0.0
98533	0.0
24384	0.0
96536	0.0
80354	0.0
97628	0.0
84132	0.0
40170	0.0
51069	0.0
84898	0.0
30483	0.0
56706	0.0
94453	0.0
84126	0.0
82557	0.0
55569	0.0
80340	0.0
38752	0.0
40831	0.0
30468	0.0
25703	0.0
98296	0.0
25717	0.0
40825	0.0
72667	0.0
29105	0.0
85589	0.0
30454	0.0
72673	0.0
97827	0.0
97370	0.0
88536	0.0
90379	0.0
55743	0.0
38593	0.0
51525	0.0
26975	0.0
59179	0.0
37878	0.0
38587	0.0
39841	0.0
88522	0.0
91073	0.0
97364	0.0
62845	0.0
41044	0.0
98719	0.0
54475	0.0
92546	0.0
40400	0.0
40366	0.0
41078	0.0
78821	0.0
86255	0.0
62892	0.0
26008	0.0
38550	0.0
65643	0.0
89833	0.0
74982	0.0
38544	0.0
40399	0.0
62886	0.0
30656	0.0
86282	0.0
98902	0.0
90386	0.0
37887	0.0
30124	0.0
22520	0.0
90392	0.0
86296	0.0
39100	0.0
85600	0.0
95413	0.0
41124	0.0
88324	0.0
87017	0.0
97562	0.0
53246	0.0
85166	0.0
51451	0.0
40548	0.0
37918	0.0
85172	0.0
98645	0.0
90219	0.0
53252	0.0
87003	0.0
75295	0.0
67849	0.0
48672	0.0
97238	0.0
86335	0.0
41118	0.0
84522	0.0
86447	0.0
37924	0.0
94043	0.0
85628	0.0
79493	0.0
84536	0.0
86321	0.0
38342	0.0
79478	0.0
98692	0.0
24019	0.0
38430	0.0
39048	0.0
72539	0.0
25461	0.0
79444	0.0
100871	0.0
23986	0.0
76011	0.0
85199	0.0
76005	0.0
72505	0.0
79450	0.0
73394	0.0
81102	0.0
91477	0.0
48464	0.0
66955	0.0
81116	0.0
70851	0.0
38829	0.0
56100	0.0
68950	0.0
25844	0.0
84734	0.0
40010	0.0
68944	0.0
40776	0.0
75915	0.0
97748	0.0
86645	0.0
65253	0.0
97947	0.0
90796	0.0
60317	0.0
75068	0.0
51860	0.0
75069	0.0
60302	0.0
51861	0.0
97952	0.0
39505	0.0
72712	0.0
90797	0.0
38155	0.0
73424	0.0
100496	0.0
73430	0.0
38141	0.0
69483	0.0
68945	0.0
24583	0.0
25845	0.0
86644	0.0
75914	0.0
50564	0.0
40777	0.0
38814	0.0
68951	0.0
51120	0.0
66954	0.0
48471	0.0
56897	0.0
93275	0.0
70850	0.0
61785	0.0
81117	0.0
99758	0.0
81103	0.0
47030	0.0
70844	0.0
91476	0.0
39713	0.0
76004	0.0
79451	0.0
29266	0.0
24742	0.0
100870	0.0
98877	0.0
24018	0.0
25460	0.0
100680	0.0
61222	0.0
79479	0.0
98693	0.0
94042	0.0
37925	0.0
87980	0.0
86446	0.0
86320	0.0
79492	0.0
85629	0.0
30938	0.0
84523	0.0
40207	0.0
41119	0.0
86334	0.0
97239	0.0
23944	0.0
87994	0.0
86452	0.0
53253	0.0
98644	0.0
85173	0.0
51444	0.0
95360	0.0
37919	0.0
40549	0.0
85615	0.0
87002	0.0
98136	0.0
87016	0.0
88325	0.0
41125	0.0
95412	0.0
85601	0.0
51450	0.0
53247	0.0
90393	0.0
38579	0.0
39101	0.0
86297	0.0
26035	0.0
84494	0.0
30131	0.0
39673	0.0
90387	0.0
98903	0.0
38545	0.0
89826	0.0
65656	0.0
62887	0.0
40398	0.0
26009	0.0
68400	0.0
39129	0.0
62893	0.0
65642	0.0
40401	0.0
92547	0.0
54474	0.0
86254	0.0
78820	0.0
98718	0.0
39868	0.0
91072	0.0
87610	0.0
88523	0.0
51530	0.0
38586	0.0
41045	0.0
97365	0.0
41051	0.0
59178	0.0
26974	0.0
51524	0.0
88537	0.0
72672	0.0
97826	0.0
22723	0.0
81088	0.0
30455	0.0
85588	0.0
72666	0.0
38021	0.0
25716	0.0
40824	0.0
40830	0.0
90807	0.0
30469	0.0
92023	0.0
80341	0.0
55568	0.0
82556	0.0
84127	0.0
38974	0.0
80355	0.0
24385	0.0
40171	0.0
72855	0.0
48505	0.0
79900	0.0
97615	0.0
38948	0.0
79914	0.0
87360	0.0
84119	0.0
85207	0.0
79902	0.0
85575	0.0
85213	0.0
97617	0.0
84125	0.0
82554	0.0
80343	0.0
88079	0.0
56705	0.0
68833	0.0
40173	0.0
24387	0.0
80357	0.0
84131	0.0
82540	0.0
59344	0.0
25714	0.0
98295	0.0
40198	0.0
51081	0.0
72658	0.0
40832	0.0
22721	0.0
38779	0.0
39301	0.0
72670	0.0
25728	0.0
53872	0.0
72664	0.0
95799	0.0
30457	0.0
97830	0.0
97367	0.0
41047	0.0
51532	0.0
88521	0.0
74942	0.0
88535	0.0
99438	0.0
26976	0.0
51526	0.0
49369	0.0
38590	0.0
52749	0.0
87160	0.0
86256	0.0
98068	0.0
54476	0.0
23826	0.0
40403	0.0
37853	0.0
91058	0.0
94646	0.0
38221	0.0
65654	0.0
74981	0.0
72328	0.0
28998	0.0
65640	0.0
89830	0.0
62891	0.0
68402	0.0
86295	0.0
39103	0.0
90391	0.0
23629	0.0
90385	0.0
68358	0.0
26989	0.0
30133	0.0
39117	0.0
26037	0.0
86281	0.0
75296	0.0
85617	0.0
48671	0.0
39936	0.0
95362	0.0
53251	0.0
97561	0.0
89987	0.0
46648	0.0
41127	0.0
40239	0.0
97207	0.0
91886	0.0
89777	0.0
87982	0.0
94040	0.0
37927	0.0
56315	0.0
86450	0.0
56467	0.0
84521	0.0
66229	0.0
38427	0.0
39739	0.0
85818	0.0
56498	0.0
29264	0.0
79453	0.0
84290	0.0
23749	0.0
76012	0.0
95389	0.0
69132	0.0
39063	0.0
79447	0.0
72512	0.0
100872	0.0
81115	0.0
93277	0.0
56895	0.0
91474	0.0
81101	0.0
38816	0.0
40775	0.0
75916	0.0
100319	0.0
86646	0.0
24581	0.0
68947	0.0
68953	0.0
31198	0.0
50599	0.0
24218	0.0
63635	0.0
25660	0.0
73426	0.0
90965	0.0
39249	0.0
68760	0.0
38143	0.0
95809	0.0
97950	0.0
86685	0.0
60300	0.0
72710	0.0
99969	0.0
68749	0.0
84093	0.0
51862	0.0
65279	0.0
26354	0.0
60301	0.0
100495	0.0
95808	0.0
27062	0.0
24219	0.0
40953	0.0
68761	0.0
39248	0.0
38156	0.0
73427	0.0
68952	0.0
31199	0.0
38803	0.0
56102	0.0
86647	0.0
100318	0.0
75917	0.0
40774	0.0
68946	0.0
24580	0.0
25846	0.0
38181	0.0
81114	0.0
66957	0.0
93276	0.0
56894	0.0
48472	0.0
95388	0.0
23984	0.0
91850	0.0
100873	0.0
79446	0.0
26142	0.0
79452	0.0
30734	0.0
29265	0.0
24741	0.0
23748	0.0
56499	0.0
61221	0.0
38354	0.0
102094	0.0
38432	0.0
66228	0.0
99571	0.0
86451	0.0
40562	0.0
84520	0.0
40204	0.0
86337	0.0
40210	0.0
56472	0.0
94041	0.0
87983	0.0
86445	0.0
85164	0.0
83515	0.0
98135	0.0
87015	0.0
40238	0.0
41126	0.0
95411	0.0
85602	0.0
46649	0.0
39089	0.0
85616	0.0
87001	0.0
53250	0.0
39937	0.0
56328	0.0
30132	0.0
26988	0.0
90384	0.0
23628	0.0
39102	0.0
86294	0.0
100913	0.0
22522	0.0
90390	0.0
37891	0.0
39894	0.0
91918	0.0
62884	0.0
38546	0.0
72329	0.0
74980	0.0
98069	0.0
86257	0.0
37852	0.0
54477	0.0
85010	0.0
51527	0.0
26977	0.0
88252	0.0
87161	0.0
100720	0.0
52748	0.0
41046	0.0
97366	0.0
91071	0.0
88520	0.0
38585	0.0
30456	0.0
72665	0.0
97831	0.0
25729	0.0
87388	0.0
72671	0.0
24437	0.0
51080	0.0
78374	0.0
24379	0.0
56923	0.0
95968	0.0
40199	0.0
25715	0.0
98294	0.0
40172	0.0
59345	0.0
82541	0.0
38977	0.0
84130	0.0
80356	0.0
99607	0.0
24386	0.0
80342	0.0
82555	0.0
79917	0.0
85574	0.0
97616	0.0
85206	0.0
84118	0.0
97164	0.0
72856	0.0
79903	0.0
68836	0.0
92024	0.0
82551	0.0
101176	0.0
80346	0.0
24382	0.0
80352	0.0
59341	0.0
47619	0.0
85202	0.0
84108	0.0
85216	0.0
80408	0.0
97174	0.0
79913	0.0
72675	0.0
22724	0.0
80391	0.0
72661	0.0
25739	0.0
84691	0.0
30452	0.0
72649	0.0
98290	0.0
25711	0.0
40823	0.0
38740	0.0
56099	0.0
38998	0.0
22718	0.0
38754	0.0
78370	0.0
90800	0.0
25705	0.0
32279	0.0
54473	0.0
40406	0.0
46711	0.0
86253	0.0
86247	0.0
87159	0.0
98079	0.0
85028	0.0
38581	0.0
88524	0.0
41042	0.0
98723	0.0
88530	0.0
91061	0.0
55745	0.0
26973	0.0
51523	0.0
37895	0.0
30122	0.0
98910	0.0
23638	0.0
90394	0.0
91934	0.0
86290	0.0
84487	0.0
39106	0.0
84493	0.0
97389	0.0
98904	0.0
90380	0.0
59180	0.0
30136	0.0
65651	0.0
28989	0.0
31200	0.0
93879	0.0
41081	0.0
46936	0.0
62880	0.0
62894	0.0
39890	0.0
38556	0.0
65645	0.0
89835	0.0
87987	0.0
86441	0.0
52176	0.0
37922	0.0
85148	0.0
86333	0.0
84524	0.0
37936	0.0
82633	0.0
87993	0.0
86455	0.0
23943	0.0
51443	0.0
85174	0.0
53254	0.0
75293	0.0
85612	0.0
40228	0.0
95415	0.0
85606	0.0
39099	0.0
24976	0.0
75287	0.0
86469	0.0
97564	0.0
85160	0.0
76003	0.0
39714	0.0
23994	0.0
61219	0.0
79456	0.0
39066	0.0
30724	0.0
23758	0.0
82828	0.0
38436	0.0
66238	0.0
98694	0.0
24584	0.0
25842	0.0
40016	0.0
84732	0.0
69484	0.0
93528	0.0
50563	0.0
40770	0.0
38813	0.0
75913	0.0
90021	0.0
86643	0.0
75907	0.0
48338	0.0
38807	0.0
40002	0.0
69490	0.0
68956	0.0
56890	0.0
98327	0.0
101758	0.0
81110	0.0
100320	0.0
70843	0.0
81104	0.0
68759	0.0
95824	0.0
97955	0.0
39502	0.0
72715	0.0
73423	0.0
25665	0.0
38152	0.0
61027	0.0
60339	0.0
54922	0.0
23566	0.0
38146	0.0
100491	0.0
65255	0.0
40942	0.0
25670	0.0
84900	0.0
38147	0.0
60338	0.0
73422	0.0
54923	0.0
39503	0.0
90791	0.0
48488	0.0
68758	0.0
39517	0.0
97954	0.0
81105	0.0
73393	0.0
70842	0.0
48463	0.0
91470	0.0
101759	0.0
49769	0.0
56891	0.0
61783	0.0
81111	0.0
38806	0.0
86656	0.0
75906	0.0
69491	0.0
84727	0.0
40003	0.0
68943	0.0
40017	0.0
25843	0.0
86642	0.0
75912	0.0
40771	0.0
38812	0.0
93529	0.0
64348	0.0
87979	0.0
98681	0.0
102091	0.0
30725	0.0
31349	0.0
76002	0.0
61218	0.0
79457	0.0
84519	0.0
85607	0.0
95414	0.0
85161	0.0
97565	0.0
86468	0.0
53255	0.0
85175	0.0
51442	0.0
85613	0.0
75292	0.0
87004	0.0
84525	0.0
46670	0.0
23942	0.0
82632	0.0
85149	0.0
90222	0.0
52177	0.0
86440	0.0
87986	0.0
55618	0.0
40215	0.0
56477	0.0
41094	0.0
62895	0.0
65644	0.0
39891	0.0
38543	0.0
71625	0.0
31201	0.0
65650	0.0
68412	0.0
86285	0.0
97388	0.0
91921	0.0
84492	0.0
79537	0.0
30137	0.0
90381	0.0
98905	0.0
90395	0.0
30123	0.0
84486	0.0
39107	0.0
86291	0.0
40349	0.0
85015	0.0
51522	0.0
26972	0.0
55744	0.0
91060	0.0
98722	0.0
38580	0.0
41043	0.0
97363	0.0
78832	0.0
40375	0.0
98078	0.0
87158	0.0
86246	0.0
50600	0.0
37857	0.0
92541	0.0
86252	0.0
78826	0.0
78371	0.0
32278	0.0
90801	0.0
23375	0.0
98291	0.0
25710	0.0
22719	0.0
38999	0.0
56098	0.0
80390	0.0
49190	0.0
30453	0.0
84690	0.0
87399	0.0
25738	0.0
72660	0.0
72674	0.0
29116	0.0
49184	0.0
85217	0.0
84109	0.0
79912	0.0
87366	0.0
80409	0.0
91510	0.0
79906	0.0
85203	0.0
38972	0.0
24383	0.0
94454	0.0
84647	0.0
92025	0.0
68837	0.0
80347	0.0
82550	0.0
84121	0.0
72879	0.0
24381	0.0
80351	0.0
84137	0.0
85229	0.0
59342	0.0
84123	0.0
47168	0.0
82552	0.0
91248	0.0
101175	0.0
79938	0.0
60299	0.0
40149	0.0
85215	0.0
87402	0.0
97605	0.0
79904	0.0
72689	0.0
72662	0.0
39475	0.0
23439	0.0
39461	0.0
56918	0.0
85598	0.0
72676	0.0
90803	0.0
99199	0.0
73226	0.0
38757	0.0
78373	0.0
78367	0.0
90817	0.0
25712	0.0
88080	0.0
62868	0.0
41069	0.0
56501	0.0
86250	0.0
90432	0.0
32093	0.0
98708	0.0
39878	0.0
92543	0.0
37855	0.0
98720	0.0
85017	0.0
26970	0.0
39688	0.0
41055	0.0
86278	0.0
101439	0.0
41041	0.0
38582	0.0
88527	0.0
90383	0.0
30135	0.0
84490	0.0
86287	0.0
100914	0.0
86293	0.0
39105	0.0
84484	0.0
30121	0.0
39893	0.0
38555	0.0
65646	0.0
62897	0.0
68404	0.0
41082	0.0
62883	0.0
65652	0.0
22519	0.0
39918	0.0
99576	0.0
81339	0.0
23940	0.0
86330	0.0
52607	0.0
79482	0.0
40203	0.0
40217	0.0
87984	0.0
90220	0.0
37921	0.0
50762	0.0
56313	0.0
90208	0.0
85163	0.0
95416	0.0
41121	0.0
58470	0.0
97215	0.0
75290	0.0
85611	0.0
85177	0.0
97598	0.0
30727	0.0
100874	0.0
30733	0.0
76000	0.0
24020	0.0
98697	0.0
72528	0.0
79469	0.0
61226	0.0
40001	0.0
25855	0.0
56105	0.0
40767	0.0
38804	0.0
56111	0.0
38810	0.0
40773	0.0
75910	0.0
86640	0.0
25841	0.0
40015	0.0
84731	0.0
69487	0.0
68941	0.0
91472	0.0
70840	0.0
86668	0.0
81107	0.0
73385	0.0
100323	0.0
81113	0.0
61781	0.0
56893	0.0
65281	0.0
91466	0.0
73408	0.0
75079	0.0
26347	0.0
97956	0.0
39515	0.0
84094	0.0
30531	0.0
26353	0.0
91499	0.0
100492	0.0
65256	0.0
23565	0.0
40940	0.0
40954	0.0
25666	0.0
38151	0.0
38150	0.0
24579	0.0
63632	0.0
25667	0.0
65257	0.0
100493	0.0
38144	0.0
25115	0.0
40969	0.0
51864	0.0
39514	0.0
84095	0.0
91498	0.0
26352	0.0
60307	0.0
26346	0.0
75078	0.0
90792	0.0
81112	0.0
73384	0.0
91467	0.0
65280	0.0
56892	0.0
91473	0.0
81106	0.0
86669	0.0
38839	0.0
70841	0.0
86641	0.0
75911	0.0
38811	0.0
40772	0.0
68940	0.0
51119	0.0
84730	0.0
25840	0.0
68954	0.0
40000	0.0
94537	0.0
40766	0.0
56104	0.0
86655	0.0
75905	0.0
88678	0.0
46698	0.0
79468	0.0
61227	0.0
102092	0.0
38434	0.0
99588	0.0
98696	0.0
72529	0.0
79454	0.0
23996	0.0
76001	0.0
79440	0.0
85610	0.0
53256	0.0
85176	0.0
51441	0.0
83507	0.0
97566	0.0
85604	0.0
41120	0.0
95417	0.0
30929	0.0
40570	0.0
37920	0.0
90221	0.0
52174	0.0
86443	0.0
87985	0.0
99577	0.0
39919	0.0
84526	0.0
79483	0.0
86331	0.0
62882	0.0
41083	0.0
38540	0.0
31202	0.0
22518	0.0
65653	0.0
65647	0.0
62896	0.0
39104	0.0
84485	0.0
100915	0.0
90396	0.0
30120	0.0
37897	0.0
38568	0.0
30134	0.0
22530	0.0
86286	0.0
84491	0.0
78819	0.0
88526	0.0
26971	0.0
85016	0.0
98721	0.0
101438	0.0
41054	0.0
32092	0.0
56500	0.0
78825	0.0
40404	0.0
92542	0.0
39879	0.0
74979	0.0
98709	0.0
96730	0.0
41068	0.0
40376	0.0
90427	0.0
88081	0.0
25713	0.0
90816	0.0
25707	0.0
78372	0.0
38756	0.0
39460	0.0
81099	0.0
85599	0.0
94480	0.0
72663	0.0
39474	0.0
31028	0.0
85200	0.0
72688	0.0
84678	0.0
79905	0.0
40148	0.0
60298	0.0
79911	0.0
101174	0.0
80344	0.0
91249	0.0
82553	0.0
47169	0.0
79939	0.0
92026	0.0
68834	0.0
87359	0.0
72878	0.0
82547	0.0
59343	0.0
85228	0.0
84136	0.0
80350	0.0
24380	0.0
87302	0.0
100543	0.0
22972	0.0
96569	0.0
58006	0.0
40649	0.0
85273	0.0
85267	0.0
22966	0.0
98550	0.0
97663	0.0
97105	0.0
100557	0.0
38080	0.0
79962	0.0
25947	0.0
69581	0.0
26296	0.0
84151	0.0
57309	0.0
23488	0.0
96555	0.0
81029	0.0
80337	0.0
40661	0.0
49645	0.0
25953	0.0
23311	0.0
25760	0.0
102397	0.0
68660	0.0
38057	0.0
70991	0.0
78315	0.0
98587	0.0
54827	0.0
70985	0.0
101852	0.0
25774	0.0
26255	0.0
39375	0.0
24442	0.0
62417	0.0
76304	0.0
76310	0.0
26241	0.0
49686	0.0
87666	0.0
88555	0.0
86578	0.0
57651	0.0
102142	0.0
41027	0.0
38282	0.0
75382	0.0
73095	0.0
55734	0.0
85065	0.0
86544	0.0
40477	0.0
26094	0.0
90440	0.0
98008	0.0
90454	0.0
26080	0.0
78842	0.0
49321	0.0
53379	0.0
96970	0.0
98785	0.0
77224	0.0
31271	0.0
60980	0.0
67989	0.0
78671	0.0
71127	0.0
47495	0.0
78665	0.0
57686	0.0
60994	0.0
50857	0.0
23661	0.0
96964	0.0
74739	0.0
77218	0.0
79553	0.0
60002	0.0
26057	0.0
78659	0.0
65608	0.0
23885	0.0
66301	0.0
28708	0.0
48163	0.0
39942	0.0
81363	0.0
84569	0.0
98140	0.0
74856	0.0
81377	0.0
83560	0.0
60823	0.0
51426	0.0
24091	0.0
80041	0.0
37953	0.0
82656	0.0
49241	0.0
69191	0.0
84541	0.0
87048	0.0
92337	0.0
40271	0.0
84555	0.0
40517	0.0
69185	0.0
24085	0.0
54562	0.0
55697	0.0
47293	0.0
47287	0.0
70403	0.0
24052	0.0
86395	0.0
26123	0.0
79427	0.0
94785	0.0
79433	0.0
75209	0.0
96192	0.0
86381	0.0
70417	0.0
66922	0.0
70832	0.0
77185	0.0
87504	0.0
97717	0.0
94578	0.0
25833	0.0
84743	0.0
24293	0.0
87538	0.0
96435	0.0
40715	0.0
94544	0.0
25827	0.0
60348	0.0
100386	0.0
23517	0.0
63133	0.0
70629	0.0
40932	0.0
39229	0.0
26309	0.0
88192	0.0
84780	0.0
26321	0.0
97924	0.0
70601	0.0
30225	0.0
30231	0.0
39215	0.0
30230	0.0
39214	0.0
26320	0.0
84781	0.0
70600	0.0
97925	0.0
40933	0.0
70628	0.0
78274	0.0
75988	0.0
23516	0.0
100387	0.0
88193	0.0
26308	0.0
38136	0.0
100393	0.0
96434	0.0
87539	0.0
25826	0.0
31853	0.0
94545	0.0
94551	0.0
25832	0.0
24292	0.0
97716	0.0
87505	0.0
77184	0.0
94579	0.0
66923	0.0
65594	0.0
75208	0.0
96193	0.0
79432	0.0
94784	0.0
82858	0.0
70416	0.0
37991	0.0
31338	0.0
70402	0.0
66260	0.0
79426	0.0
39002	0.0
26122	0.0
86394	0.0
96187	0.0
24735	0.0
31310	0.0
47286	0.0
66248	0.0
93969	0.0
47292	0.0
99288	0.0
40270	0.0
52674	0.0
24084	0.0
37946	0.0
49240	0.0
85138	0.0
82657	0.0
37952	0.0
26687	0.0
80040	0.0
24090	0.0
84540	0.0
94753	0.0
98141	0.0
84568	0.0
69806	0.0
83561	0.0
81376	0.0
74857	0.0
81362	0.0
39943	0.0
26042	0.0
78658	0.0
28709	0.0
66300	0.0
31258	0.0
74704	0.0
77219	0.0
60003	0.0
26056	0.0
79552	0.0
75368	0.0
57687	0.0
78664	0.0
47494	0.0
71126	0.0
98790	0.0
72349	0.0
50856	0.0
60995	0.0
67022	0.0
66328	0.0
60981	0.0
31270	0.0
98784	0.0
96971	0.0
23674	0.0
75354	0.0
46946	0.0
67988	0.0
78843	0.0
26081	0.0
57678	0.0
86551	0.0
87897	0.0
49320	0.0
86545	0.0
99465	0.0
90441	0.0
26095	0.0
102143	0.0
93606	0.0
85064	0.0
55735	0.0
74937	0.0
86579	0.0
73080	0.0
87667	0.0
102157	0.0
99868	0.0
76311	0.0
49687	0.0
26240	0.0
90694	0.0
24443	0.0
30436	0.0
49693	0.0
26254	0.0
76305	0.0
22754	0.0
25775	0.0
55292	0.0
38056	0.0
68661	0.0
102396	0.0
25761	0.0
54826	0.0
98586	0.0
70990	0.0
82535	0.0
96540	0.0
25952	0.0
88018	0.0
26283	0.0
49644	0.0
84636	0.0
26297	0.0
49650	0.0
69580	0.0
25946	0.0
80336	0.0
81028	0.0
96554	0.0
84150	0.0
99897	0.0
85266	0.0
93404	0.0
79963	0.0
100556	0.0
87317	0.0
100542	0.0
79977	0.0
85272	0.0
96568	0.0
22973	0.0
100554	0.0
40138	0.0
94369	0.0
85264	0.0
97660	0.0
58005	0.0
85270	0.0
39389	0.0
87301	0.0
49646	0.0
92042	0.0
94433	0.0
26281	0.0
25788	0.0
101676	0.0
22959	0.0
54617	0.0
86989	0.0
40662	0.0
85258	0.0
84152	0.0
38915	0.0
97890	0.0
96556	0.0
90127	0.0
22795	0.0
49652	0.0
69582	0.0
68844	0.0
94427	0.0
26295	0.0
84634	0.0
55290	0.0
101851	0.0
25777	0.0
70986	0.0
40851	0.0
78316	0.0
40689	0.0
98584	0.0
23312	0.0
25763	0.0
80485	0.0
26242	0.0
47870	0.0
76313	0.0
76307	0.0
39376	0.0
30434	0.0
24441	0.0
75168	0.0
87671	0.0
85066	0.0
102141	0.0
41024	0.0
101448	0.0
57652	0.0
41030	0.0
85072	0.0
40448	0.0
60798	0.0
73082	0.0
87665	0.0
31299	0.0
40460	0.0
86553	0.0
86235	0.0
99315	0.0
41018	0.0
78841	0.0
26097	0.0
48996	0.0
53408	0.0
86547	0.0
60997	0.0
23662	0.0
98792	0.0
71124	0.0
78666	0.0
57685	0.0
78672	0.0
23676	0.0
98786	0.0
77227	0.0
60983	0.0
23886	0.0
26726	0.0
66302	0.0
85099	0.0
79544	0.0
26040	0.0
39174	0.0
26054	0.0
86584	0.0
98962	0.0
74855	0.0
81374	0.0
83563	0.0
66289	0.0
51425	0.0
98143	0.0
86369	0.0
70399	0.0
39941	0.0
81360	0.0
37944	0.0
39969	0.0
69186	0.0
86427	0.0
24086	0.0
23931	0.0
52676	0.0
40272	0.0
84556	0.0
40266	0.0
86433	0.0
24092	0.0
101272	0.0
80042	0.0
37950	0.0
40500	0.0
69192	0.0
60808	0.0
49242	0.0
47284	0.0
24079	0.0
26108	0.0
40299	0.0
55694	0.0
100193	0.0
70414	0.0
94786	0.0
79430	0.0
96191	0.0
86382	0.0
86396	0.0
87088	0.0
91832	0.0
26120	0.0
79424	0.0
66262	0.0
70400	0.0
80081	0.0
25818	0.0
70831	0.0
77186	0.0
84754	0.0
25824	0.0
75975	0.0
54763	0.0
40716	0.0
75961	0.0
25830	0.0
84998	0.0
51169	0.0
88191	0.0
100385	0.0
23514	0.0
100391	0.0
23500	0.0
53781	0.0
24509	0.0
77179	0.0
39570	0.0
30232	0.0
59284	0.0
97933	0.0
25159	0.0
97927	0.0
39564	0.0
70602	0.0
84783	0.0
29011	0.0
26322	0.0
72773	0.0
30227	0.0
70603	0.0
74303	0.0
29010	0.0
84782	0.0
29004	0.0
97932	0.0
30233	0.0
77178	0.0
100390	0.0
24508	0.0
38135	0.0
24291	0.0
25831	0.0
25825	0.0
94546	0.0
40717	0.0
54762	0.0
84769	0.0
65583	0.0
86618	0.0
77187	0.0
70830	0.0
79425	0.0
84580	0.0
39001	0.0
26121	0.0
91833	0.0
87089	0.0
80080	0.0
70401	0.0
66263	0.0
37986	0.0
70415	0.0
32140	0.0
96190	0.0
79431	0.0
39015	0.0
79419	0.0
60148	0.0
40298	0.0
24078	0.0
31313	0.0
47285	0.0
26109	0.0
84543	0.0
49243	0.0
69193	0.0
60809	0.0
24093	0.0
54560	0.0
23930	0.0
24087	0.0
86426	0.0
69187	0.0
37945	0.0
84557	0.0
85649	0.0
70398	0.0
86368	0.0
97503	0.0
81361	0.0
48161	0.0
60821	0.0
66288	0.0
51424	0.0
83562	0.0
40529	0.0
81375	0.0
98142	0.0
94778	0.0
26055	0.0
24124	0.0
24130	0.0
26041	0.0
71119	0.0
79545	0.0
75357	0.0
46945	0.0
78673	0.0
71131	0.0
60982	0.0
53390	0.0
23663	0.0
60996	0.0
78667	0.0
71125	0.0
53409	0.0
26096	0.0
86546	0.0
23688	0.0
86552	0.0
40461	0.0
31298	0.0
78840	0.0
26082	0.0
90456	0.0
99314	0.0
41031	0.0
60799	0.0
39834	0.0
85073	0.0
93605	0.0
85067	0.0
87670	0.0
101449	0.0
55050	0.0
41025	0.0
76306	0.0
75169	0.0
24440	0.0
30435	0.0
49690	0.0
29164	0.0
26243	0.0
80484	0.0
24454	0.0
98585	0.0
40688	0.0
68662	0.0
25762	0.0
23313	0.0
25776	0.0
70987	0.0
96557	0.0
38914	0.0
84635	0.0
68845	0.0
69583	0.0
101677	0.0
26280	0.0
94432	0.0
92043	0.0
85259	0.0
82536	0.0
40663	0.0
22958	0.0
85271	0.0
58004	0.0
22970	0.0
100541	0.0
74288	0.0
87300	0.0
38096	0.0
40139	0.0
100555	0.0
98552	0.0
97661	0.0
22964	0.0
40887	0.0
85265	0.0
94368	0.0
97659	0.0
79958	0.0
26284	0.0
25955	0.0
25799	0.0
25941	0.0
68841	0.0
84631	0.0
26290	0.0
96553	0.0
80331	0.0
85261	0.0
74298	0.0
100551	0.0
38086	0.0
79964	0.0
87304	0.0
90678	0.0
100545	0.0
97671	0.0
85275	0.0
24336	0.0
80480	0.0
90693	0.0
26247	0.0
38079	0.0
26253	0.0
30431	0.0
49694	0.0
90687	0.0
39415	0.0
40698	0.0
102385	0.0
38045	0.0
25772	0.0
25766	0.0
69578	0.0
78313	0.0
74529	0.0
98581	0.0
52707	0.0
26086	0.0
49327	0.0
40465	0.0
86556	0.0
86542	0.0
60979	0.0
31288	0.0
26092	0.0
59646	0.0
75384	0.0
89881	0.0
55732	0.0
85063	0.0
40459	0.0
51540	0.0
88553	0.0
41035	0.0
26045	0.0
38509	0.0
85088	0.0
86581	0.0
98967	0.0
79555	0.0
60004	0.0
26051	0.0
38247	0.0
71121	0.0
78663	0.0
26079	0.0
50851	0.0
60992	0.0
65632	0.0
23673	0.0
77222	0.0
60986	0.0
78677	0.0
47487	0.0
62968	0.0
41169	0.0
92331	0.0
60819	0.0
81359	0.0
86436	0.0
80047	0.0
37955	0.0
69197	0.0
49247	0.0
51408	0.0
94754	0.0
52667	0.0
55108	0.0
70388	0.0
98146	0.0
86378	0.0
81371	0.0
54558	0.0
74688	0.0
83566	0.0
39788	0.0
85117	0.0
48165	0.0
39944	0.0
87072	0.0
70377	0.0
39011	0.0
77418	0.0
94783	0.0
79435	0.0
30753	0.0
86387	0.0
96194	0.0
98807	0.0
59083	0.0
70405	0.0
46809	0.0
26125	0.0
98185	0.0
47281	0.0
100182	0.0
39987	0.0
31303	0.0
39039	0.0
26119	0.0
75970	0.0
86620	0.0
96433	0.0
94542	0.0
84751	0.0
31854	0.0
84989	0.0
25821	0.0
25835	0.0
90730	0.0
68935	0.0
97739	0.0
77183	0.0
59518	0.0
84779	0.0
25809	0.0
65593	0.0
85301	0.0
94581	0.0
39213	0.0
84786	0.0
74307	0.0
72010	0.0
23511	0.0
100380	0.0
63135	0.0
39549	0.0
78273	0.0
40934	0.0
49910	0.0
88194	0.0
58809	0.0
29028	0.0
29029	0.0
23504	0.0
47096	0.0
40935	0.0
39548	0.0
63134	0.0
23510	0.0
24519	0.0
88195	0.0
49911	0.0
74306	0.0
24257	0.0
72011	0.0
72005	0.0
30236	0.0
94580	0.0
29001	0.0
25808	0.0
84778	0.0
66925	0.0
77196	0.0
65592	0.0
75959	0.0
77182	0.0
48372	0.0
70835	0.0
55323	0.0
84744	0.0
90731	0.0
25834	0.0
24294	0.0
96432	0.0
86621	0.0
25820	0.0
84988	0.0
31855	0.0
94543	0.0
26118	0.0
39038	0.0
59900	0.0
100183	0.0
47280	0.0
70404	0.0
58388	0.0
79420	0.0
26124	0.0
91836	0.0
96195	0.0
86386	0.0
79434	0.0
94782	0.0
26130	0.0
39776	0.0
48164	0.0
87073	0.0
98147	0.0
70389	0.0
60824	0.0
83567	0.0
23909	0.0
54559	0.0
81370	0.0
69196	0.0
37954	0.0
80046	0.0
86437	0.0
81358	0.0
55109	0.0
52666	0.0
84546	0.0
40276	0.0
92330	0.0
24082	0.0
77223	0.0
31276	0.0
53395	0.0
23672	0.0
78676	0.0
47492	0.0
78662	0.0
71120	0.0
25571	0.0
24109	0.0
65633	0.0
60993	0.0
50850	0.0
82916	0.0
85089	0.0
60005	0.0
26050	0.0
30632	0.0
79554	0.0
26044	0.0
79540	0.0
74702	0.0
87661	0.0
73086	0.0
51541	0.0
39831	0.0
47451	0.0
60788	0.0
40458	0.0
85062	0.0
55733	0.0
89880	0.0
49332	0.0
60978	0.0
59647	0.0
26093	0.0
78845	0.0
26087	0.0
99311	0.0
86557	0.0
69579	0.0
25767	0.0
98580	0.0
74528	0.0
25773	0.0
90876	0.0
101855	0.0
47848	0.0
90686	0.0
26252	0.0
39414	0.0
54808	0.0
71478	0.0
38078	0.0
26246	0.0
90692	0.0
80481	0.0
87305	0.0
85274	0.0
97670	0.0
97664	0.0
22961	0.0
40882	0.0
85260	0.0
79965	0.0
38087	0.0
100550	0.0
26291	0.0
69586	0.0
25940	0.0
25798	0.0
80330	0.0
96552	0.0
38911	0.0
40666	0.0
97658	0.0
25954	0.0
54175	0.0
26285	0.0
79959	0.0
84624	0.0
92046	0.0
96550	0.0
97896	0.0
25942	0.0
69584	0.0
69590	0.0
26287	0.0
25956	0.0
81038	0.0
80326	0.0
57318	0.0
40664	0.0
54639	0.0
85276	0.0
51027	0.0
38091	0.0
99139	0.0
100546	0.0
100552	0.0
100234	0.0
97666	0.0
85289	0.0
39416	0.0
39370	0.0
26250	0.0
29163	0.0
62412	0.0
25759	0.0
80483	0.0
90690	0.0
78338	0.0
40857	0.0
98582	0.0
25765	0.0
38052	0.0
101857	0.0
54188	0.0
25771	0.0
40843	0.0
57668	0.0
67973	0.0
99307	0.0
52710	0.0
90445	0.0
86541	0.0
49330	0.0
40466	0.0
86555	0.0
99313	0.0
90451	0.0
40300	0.0
26085	0.0
78847	0.0
96008	0.0
39833	0.0
55731	0.0
85060	0.0
70599	0.0
38287	0.0
75387	0.0
30630	0.0
26052	0.0
86582	0.0
89869	0.0
82928	0.0
77209	0.0
79542	0.0
26046	0.0
39166	0.0
78674	0.0
98958	0.0
72359	0.0
77221	0.0
60985	0.0
40499	0.0
50852	0.0
60991	0.0
23664	0.0
65631	0.0
71122	0.0
67998	0.0
78660	0.0
47490	0.0
52664	0.0
86435	0.0
90257	0.0
80044	0.0
49244	0.0
69194	0.0
83559	0.0
80050	0.0
23937	0.0
52670	0.0
52658	0.0
41142	0.0
84578	0.0
85100	0.0
39947	0.0
97504	0.0
80078	0.0
83565	0.0
51423	0.0
39953	0.0
85672	0.0
40248	0.0
98145	0.0
96183	0.0
39006	0.0
26126	0.0
30744	0.0
79422	0.0
66264	0.0
82848	0.0
70406	0.0
24057	0.0
98810	0.0
23738	0.0
89909	0.0
70412	0.0
30750	0.0
79436	0.0
86384	0.0
97289	0.0
29229	0.0
55692	0.0
31300	0.0
26668	0.0
47282	0.0
75967	0.0
55309	0.0
25836	0.0
84746	0.0
68936	0.0
56600	0.0
94541	0.0
84752	0.0
63877	0.0
25822	0.0
54765	0.0
75973	0.0
52314	0.0
96430	0.0
40710	0.0
65590	0.0
85302	0.0
77194	0.0
94569	0.0
70604	0.0
39562	0.0
84785	0.0
87298	0.0
94582	0.0
68739	0.0
39210	0.0
39576	0.0
30234	0.0
27760	0.0
100397	0.0
101089	0.0
75998	0.0
72749	0.0
26318	0.0
23512	0.0
63136	0.0
40937	0.0
49912	0.0
40936	0.0
63137	0.0
23513	0.0
75999	0.0
101088	0.0
100396	0.0
47095	0.0
26319	0.0
72748	0.0
84790	0.0
39211	0.0
68738	0.0
94583	0.0
26331	0.0
72006	0.0
30235	0.0
39577	0.0
70605	0.0
90929	0.0
84784	0.0
54758	0.0
70836	0.0
77195	0.0
38682	0.0
65591	0.0
66926	0.0
25823	0.0
31856	0.0
40077	0.0
40711	0.0
96431	0.0
54764	0.0
68937	0.0
84747	0.0
25837	0.0
55308	0.0
47283	0.0
31315	0.0
31301	0.0
55693	0.0
100194	0.0
70413	0.0
97288	0.0
79437	0.0
30751	0.0
70375	0.0
79423	0.0
26127	0.0
39007	0.0
91835	0.0
98811	0.0
82849	0.0
70407	0.0
39952	0.0
51422	0.0
83564	0.0
81373	0.0
98144	0.0
40249	0.0
52659	0.0
80079	0.0
39946	0.0
80051	0.0
82646	0.0
37943	0.0
52665	0.0
84545	0.0
92327	0.0
69195	0.0
49245	0.0
80045	0.0
86434	0.0
24095	0.0
23665	0.0
65630	0.0
66339	0.0
60990	0.0
50853	0.0
28730	0.0
47491	0.0
71123	0.0
47485	0.0
78675	0.0
60984	0.0
72358	0.0
77208	0.0
82929	0.0
74701	0.0
39167	0.0
26047	0.0
79543	0.0
26053	0.0
30631	0.0
90487	0.0
89868	0.0
86583	0.0
98965	0.0
70598	0.0
85061	0.0
86568	0.0
47446	0.0
75392	0.0
87662	0.0
51542	0.0
97459	0.0
47308	0.0
78846	0.0
26084	0.0
40301	0.0
90450	0.0
26090	0.0
57669	0.0
49331	0.0
86540	0.0
25770	0.0
101856	0.0
26279	0.0
54837	0.0
98583	0.0
78311	0.0
68664	0.0
25764	0.0
26245	0.0
90691	0.0
80482	0.0
78339	0.0
39417	0.0
85288	0.0
25758	0.0
62413	0.0
30433	0.0
29162	0.0
26251	0.0
39371	0.0
68658	0.0
98554	0.0
85263	0.0
40895	0.0
85277	0.0
80469	0.0
38090	0.0
94434	0.0
26286	0.0
92045	0.0
40665	0.0
80327	0.0
96551	0.0
93429	0.0
40671	0.0
38912	0.0
26292	0.0
84633	0.0
69585	0.0
25943	0.0
94439	0.0
79957	0.0
93430	0.0
23495	0.0
97656	0.0
85246	0.0
69588	0.0
39397	0.0
54621	0.0
94363	0.0
54635	0.0
39383	0.0
26248	0.0
39368	0.0
38076	0.0
40873	0.0
85291	0.0
78334	0.0
85285	0.0
67200	0.0
54812	0.0
23442	0.0
22984	0.0
90688	0.0
53833	0.0
39354	0.0
47846	0.0
76325	0.0
69205	0.0
40683	0.0
69577	0.0
25769	0.0
99479	0.0
49328	0.0
39817	0.0
93632	0.0
26089	0.0
52708	0.0
53402	0.0
60976	0.0
31287	0.0
88560	0.0
40456	0.0
86565	0.0
86203	0.0
78863	0.0
52720	0.0
96004	0.0
86571	0.0
60792	0.0
89871	0.0
38274	0.0
75360	0.0
23898	0.0
89865	0.0
77211	0.0
82930	0.0
24107	0.0
67994	0.0
26076	0.0
100947	0.0
47488	0.0
26062	0.0
78678	0.0
40481	0.0
31278	0.0
60989	0.0
98954	0.0
72355	0.0
65629	0.0
74863	0.0
81342	0.0
85642	0.0
97246	0.0
62973	0.0
55107	0.0
41172	0.0
60802	0.0
69198	0.0
86439	0.0
81356	0.0
80048	0.0
85118	0.0
54557	0.0
23907	0.0
59715	0.0
40244	0.0
70387	0.0
84574	0.0
70393	0.0
80074	0.0
82663	0.0
82850	0.0
39778	0.0
48181	0.0
81381	0.0
87096	0.0
97285	0.0
70378	0.0
91838	0.0
82844	0.0
58386	0.0
70422	0.0
26664	0.0
29231	0.0
26102	0.0
79406	0.0
52683	0.0
24701	0.0
72547	0.0
40293	0.0
60143	0.0
39036	0.0
39988	0.0
66254	0.0
70436	0.0
23287	0.0
84986	0.0
97736	0.0
96428	0.0
94559	0.0
84992	0.0
94571	0.0
25812	0.0
72792	0.0
101734	0.0
101046	0.0
72786	0.0
25806	0.0
84776	0.0
40052	0.0
90930	0.0
23522	0.0
40913	0.0
25147	0.0
74308	0.0
84789	0.0
72751	0.0
26300	0.0
39546	0.0
75994	0.0
101085	0.0
47098	0.0
60341	0.0
26314	0.0
29027	0.0
72745	0.0
24503	0.0
101084	0.0
24502	0.0
26315	0.0
39235	0.0
26301	0.0
30563	0.0
53946	0.0
72750	0.0
39547	0.0
25146	0.0
48396	0.0
26329	0.0
84788	0.0
39209	0.0
72778	0.0
74309	0.0
90931	0.0
50526	0.0
77199	0.0
84777	0.0
72787	0.0
25807	0.0
25813	0.0
72793	0.0
94570	0.0
39584	0.0
40721	0.0
40709	0.0
96429	0.0
97737	0.0
87530	0.0
39037	0.0
72546	0.0
24700	0.0
66255	0.0
26665	0.0
70423	0.0
39745	0.0
52682	0.0
39023	0.0
26103	0.0
97290	0.0
30749	0.0
58387	0.0
82845	0.0
81380	0.0
98809	0.0
74679	0.0
39779	0.0
70379	0.0
97284	0.0
87097	0.0
75201	0.0
70392	0.0
84575	0.0
92317	0.0
82662	0.0
23912	0.0
23906	0.0
54556	0.0
80061	0.0
85119	0.0
37973	0.0
40523	0.0
70386	0.0
59714	0.0
86376	0.0
41173	0.0
55106	0.0
80049	0.0
81357	0.0
86438	0.0
85131	0.0
60803	0.0
81343	0.0
74862	0.0
41167	0.0
85643	0.0
78679	0.0
26063	0.0
47489	0.0
65628	0.0
72354	0.0
98955	0.0
24112	0.0
60988	0.0
31279	0.0
24106	0.0
100946	0.0
82931	0.0
77210	0.0
23641	0.0
65614	0.0
89870	0.0
65600	0.0
82925	0.0
77204	0.0
38275	0.0
96005	0.0
40325	0.0
60793	0.0
86564	0.0
70594	0.0
86202	0.0
59648	0.0
88561	0.0
93627	0.0
39802	0.0
93633	0.0
49329	0.0
86558	0.0
99478	0.0
55700	0.0
52709	0.0
26088	0.0
25768	0.0
69576	0.0
40696	0.0
69204	0.0
76324	0.0
22985	0.0
31047	0.0
40866	0.0
90689	0.0
25740	0.0
39369	0.0
26249	0.0
78335	0.0
85290	0.0
24338	0.0
84603	0.0
90676	0.0
74296	0.0
39396	0.0
40133	0.0
59462	0.0
54620	0.0
79942	0.0
79956	0.0
97657	0.0
81035	0.0
23494	0.0
40669	0.0
102362	0.0
86994	0.0
57317	0.0
23496	0.0
81037	0.0
97655	0.0
80329	0.0
100561	0.0
26288	0.0
79954	0.0
54150	0.0
39380	0.0
84601	0.0
54622	0.0
97669	0.0
93369	0.0
85286	0.0
30429	0.0
69574	0.0
74531	0.0
102389	0.0
47845	0.0
99308	0.0
53401	0.0
102160	0.0
57667	0.0
78848	0.0
53415	0.0
31290	0.0
86572	0.0
41039	0.0
78860	0.0
52723	0.0
96007	0.0
86200	0.0
39828	0.0
60785	0.0
28925	0.0
86566	0.0
89866	0.0
77212	0.0
82933	0.0
25554	0.0
26049	0.0
82927	0.0
85090	0.0
65602	0.0
40482	0.0
38539	0.0
50849	0.0
24110	0.0
72356	0.0
26061	0.0
67997	0.0
100944	0.0
24104	0.0
60801	0.0
90258	0.0
87042	0.0
92329	0.0
41171	0.0
85641	0.0
41165	0.0
52119	0.0
81341	0.0
83556	0.0
23910	0.0
40535	0.0
82660	0.0
39948	0.0
66294	0.0
84577	0.0
88359	0.0
86374	0.0
46636	0.0
59716	0.0
40247	0.0
70384	0.0
86412	0.0
23904	0.0
80063	0.0
54554	0.0
23737	0.0
26897	0.0
82847	0.0
70409	0.0
58385	0.0
26129	0.0
87095	0.0
79439	0.0
48182	0.0
58391	0.0
81382	0.0
24702	0.0
26115	0.0
39035	0.0
79405	0.0
52680	0.0
70421	0.0
39747	0.0
26667	0.0
84749	0.0
68939	0.0
25839	0.0
55306	0.0
97735	0.0
101079	0.0
87532	0.0
84985	0.0
31858	0.0
25805	0.0
80513	0.0
84775	0.0
94566	0.0
40051	0.0
40737	0.0
101045	0.0
86610	0.0
94572	0.0
31864	0.0
25811	0.0
23535	0.0
25144	0.0
72008	0.0
48380	0.0
90933	0.0
49908	0.0
60342	0.0
53788	0.0
72746	0.0
24500	0.0
100398	0.0
23509	0.0
75997	0.0
101086	0.0
39551	0.0
39545	0.0
40938	0.0
72034	0.0
26303	0.0
63138	0.0
40939	0.0
39544	0.0
38882	0.0
26302	0.0
29031	0.0
58810	0.0
53945	0.0
72753	0.0
72747	0.0
60343	0.0
49909	0.0
101087	0.0
39578	0.0
72009	0.0
90932	0.0
87296	0.0
68737	0.0
84947	0.0
23534	0.0
70839	0.0
86611	0.0
25810	0.0
94573	0.0
84760	0.0
84774	0.0
80512	0.0
25804	0.0
101044	0.0
38855	0.0
40736	0.0
87533	0.0
48342	0.0
31859	0.0
90729	0.0
63879	0.0
55307	0.0
25838	0.0
68938	0.0
84748	0.0
101078	0.0
52681	0.0
26100	0.0
26666	0.0
39746	0.0
70420	0.0
39034	0.0
60141	0.0
26114	0.0
79438	0.0
97287	0.0
87094	0.0
81383	0.0
58390	0.0
48183	0.0
82846	0.0
70408	0.0
26896	0.0
24059	0.0
26128	0.0
70385	0.0
40246	0.0
59717	0.0
86375	0.0
54555	0.0
80062	0.0
23905	0.0
86413	0.0
39949	0.0
82661	0.0
52656	0.0
90503	0.0
84576	0.0
70391	0.0
41164	0.0
85640	0.0
83557	0.0
47273	0.0
23939	0.0
81340	0.0
90259	0.0
60800	0.0
37958	0.0
41170	0.0
92328	0.0
55105	0.0
62971	0.0
100945	0.0
67996	0.0
40497	0.0
72357	0.0
50848	0.0
26060	0.0
67982	0.0
26048	0.0
65603	0.0
50860	0.0
82926	0.0
77207	0.0
82932	0.0
77213	0.0
89867	0.0
73075	0.0
55059	0.0
86201	0.0
70597	0.0
93618	0.0
60790	0.0
86573	0.0
99453	0.0
96006	0.0
52722	0.0
78861	0.0
93630	0.0
47307	0.0
31291	0.0
39815	0.0
88562	0.0
85046	0.0
99309	0.0
86229	0.0
47844	0.0
47850	0.0
69575	0.0
39424	0.0
69213	0.0
40859	0.0
78336	0.0
38060	0.0
68657	0.0
25757	0.0
39418	0.0
67202	0.0
85287	0.0
97668	0.0
54623	0.0
93368	0.0
39381	0.0
84600	0.0
76496	0.0
100548	0.0
54151	0.0
22979	0.0
80328	0.0
81036	0.0
84628	0.0
79955	0.0
26289	0.0
100560	0.0
79941	0.0
102363	0.0
40646	0.0
99133	0.0
94417	0.0
39391	0.0
87319	0.0
100558	0.0
22969	0.0
40652	0.0
94365	0.0
85268	0.0
81026	0.0
80338	0.0
26299	0.0
102367	0.0
25948	0.0
61878	0.0
100202	0.0
81032	0.0
23493	0.0
98588	0.0
40685	0.0
69571	0.0
69203	0.0
76323	0.0
85283	0.0
67206	0.0
47868	0.0
30438	0.0
78332	0.0
78865	0.0
87669	0.0
86577	0.0
60794	0.0
86563	0.0
86205	0.0
41028	0.0
88200	0.0
59897	0.0
93620	0.0
31281	0.0
40478	0.0
23685	0.0
97452	0.0
87641	0.0
87899	0.0
26931	0.0
31295	0.0
55061	0.0
53410	0.0
67986	0.0
26064	0.0
39622	0.0
72353	0.0
24101	0.0
66332	0.0
71128	0.0
67992	0.0
38266	0.0
26058	0.0
25551	0.0
82936	0.0
65607	0.0
79548	0.0
70395	0.0
84572	0.0
88348	0.0
90507	0.0
90261	0.0
23915	0.0
80072	0.0
66291	0.0
82665	0.0
81378	0.0
52120	0.0
23901	0.0
80066	0.0
86371	0.0
59713	0.0
70381	0.0
87047	0.0
83547	0.0
85136	0.0
60804	0.0
39971	0.0
82659	0.0
25380	0.0
81344	0.0
85122	0.0
60810	0.0
41160	0.0
85644	0.0
92338	0.0
98173	0.0
97240	0.0
88360	0.0
87053	0.0
52691	0.0
39030	0.0
26110	0.0
60145	0.0
79414	0.0
66252	0.0
70430	0.0
64445	0.0
55698	0.0
66246	0.0
26662	0.0
47288	0.0
39024	0.0
60151	0.0
99292	0.0
79428	0.0
87084	0.0
82842	0.0
82856	0.0
70418	0.0
97283	0.0
87090	0.0
84599	0.0
70829	0.0
38851	0.0
40054	0.0
84770	0.0
50253	0.0
31861	0.0
25814	0.0
97718	0.0
39583	0.0
47049	0.0
84994	0.0
55317	0.0
25828	0.0
87537	0.0
24288	0.0
74454	0.0
101083	0.0
75992	0.0
70632	0.0
26312	0.0
24505	0.0
24511	0.0
30564	0.0
70626	0.0
75986	0.0
26307	0.0
29034	0.0
38139	0.0
24510	0.0
75987	0.0
39541	0.0
75993	0.0
101082	0.0
74455	0.0
72742	0.0
24504	0.0
60346	0.0
26313	0.0
40096	0.0
24289	0.0
25197	0.0
78284	0.0
97731	0.0
84995	0.0
25815	0.0
31860	0.0
47048	0.0
39582	0.0
86614	0.0
38850	0.0
84771	0.0
25801	0.0
81386	0.0
70419	0.0
84598	0.0
87091	0.0
97282	0.0
87085	0.0
96188	0.0
82843	0.0
47289	0.0
70425	0.0
26663	0.0
52684	0.0
26105	0.0
79415	0.0
26111	0.0
60144	0.0
39031	0.0
55699	0.0
66253	0.0
39964	0.0
60811	0.0
37949	0.0
83552	0.0
81345	0.0
87052	0.0
88361	0.0
97241	0.0
85645	0.0
41161	0.0
85651	0.0
87046	0.0
98166	0.0
23928	0.0
82658	0.0
60805	0.0
85137	0.0
80067	0.0
86416	0.0
81379	0.0
51428	0.0
40525	0.0
37975	0.0
84567	0.0
70380	0.0
59712	0.0
86370	0.0
88349	0.0
84573	0.0
82664	0.0
39794	0.0
80073	0.0
90260	0.0
32819	0.0
86402	0.0
65606	0.0
79549	0.0
71115	0.0
75367	0.0
26059	0.0
77216	0.0
50859	0.0
40492	0.0
57688	0.0
67993	0.0
24114	0.0
72352	0.0
66327	0.0
39623	0.0
31294	0.0
93635	0.0
87898	0.0
53377	0.0
55060	0.0
24699	0.0
57677	0.0
41001	0.0
88201	0.0
23684	0.0
88567	0.0
40479	0.0
31280	0.0
93621	0.0
86562	0.0
94166	0.0
41029	0.0
86204	0.0
78864	0.0
102158	0.0
40445	0.0
60795	0.0
74938	0.0
87668	0.0
38071	0.0
49688	0.0
78333	0.0
22997	0.0
67207	0.0
78327	0.0
40860	0.0
75165	0.0
40690	0.0
76322	0.0
69202	0.0
39421	0.0
76336	0.0
69216	0.0
98589	0.0
25008	0.0
55289	0.0
97889	0.0
81033	0.0
61879	0.0
80339	0.0
81027	0.0
25949	0.0
26298	0.0
100559	0.0
87318	0.0
40135	0.0
39390	0.0
85269	0.0
94364	0.0
40653	0.0
38930	0.0
22968	0.0
96567	0.0
94370	0.0
84605	0.0
99132	0.0
38932	0.0
40651	0.0
94366	0.0
39392	0.0
40137	0.0
75198	0.0
39386	0.0
84607	0.0
38926	0.0
96565	0.0
82538	0.0
81031	0.0
22956	0.0
23490	0.0
54618	0.0
25787	0.0
101679	0.0
102364	0.0
25793	0.0
69200	0.0
40692	0.0
39351	0.0
69572	0.0
62427	0.0
69214	0.0
76334	0.0
40686	0.0
22995	0.0
78331	0.0
85280	0.0
76308	0.0
67205	0.0
22981	0.0
86560	0.0
55738	0.0
99440	0.0
88559	0.0
86574	0.0
40447	0.0
60797	0.0
78866	0.0
52725	0.0
41017	0.0
53413	0.0
87642	0.0
47300	0.0
31296	0.0
86548	0.0
52719	0.0
53407	0.0
67991	0.0
24102	0.0
74735	0.0
66331	0.0
60998	0.0
39621	0.0
66325	0.0
72350	0.0
23679	0.0
75359	0.0
38259	0.0
67985	0.0
79563	0.0
25546	0.0
71117	0.0
77200	0.0
65604	0.0
82935	0.0
77214	0.0
28710	0.0
85082	0.0
25552	0.0
75365	0.0
86372	0.0
86414	0.0
80065	0.0
54552	0.0
23902	0.0
86400	0.0
80071	0.0
23916	0.0
94004	0.0
66292	0.0
82666	0.0
92313	0.0
84571	0.0
70396	0.0
41163	0.0
84559	0.0
97243	0.0
87050	0.0
24089	0.0
60813	0.0
69189	0.0
85121	0.0
83544	0.0
85135	0.0
40269	0.0
26107	0.0
79403	0.0
99291	0.0
39741	0.0
66251	0.0
93970	0.0
24704	0.0
60146	0.0
26113	0.0
79417	0.0
87093	0.0
81384	0.0
25340	0.0
23731	0.0
39769	0.0
86399	0.0
87087	0.0
98428	0.0
40725	0.0
38846	0.0
77189	0.0
94574	0.0
31862	0.0
25817	0.0
72783	0.0
80515	0.0
84773	0.0
38852	0.0
65599	0.0
93541	0.0
40719	0.0
94548	0.0
51166	0.0
84997	0.0
80529	0.0
97733	0.0
39543	0.0
24274	0.0
75985	0.0
24512	0.0
60350	0.0
40080	0.0
26311	0.0
101080	0.0
74457	0.0
75991	0.0
38891	0.0
54977	0.0
99911	0.0
77176	0.0
90935	0.0
38113	0.0
54963	0.0
97928	0.0
97929	0.0
40917	0.0
77177	0.0
90934	0.0
72741	0.0
24507	0.0
40095	0.0
26310	0.0
60345	0.0
69361	0.0
70630	0.0
75990	0.0
74456	0.0
101081	0.0
75984	0.0
39542	0.0
29037	0.0
72755	0.0
80528	0.0
102577	0.0
97732	0.0
40718	0.0
93540	0.0
94549	0.0
80514	0.0
72782	0.0
65598	0.0
38853	0.0
77188	0.0
98429	0.0
25816	0.0
31863	0.0
26648	0.0
23730	0.0
87086	0.0
24739	0.0
86398	0.0
30758	0.0
87092	0.0
97281	0.0
81385	0.0
82854	0.0
37989	0.0
70432	0.0
39754	0.0
66250	0.0
79416	0.0
60147	0.0
26112	0.0
40297	0.0
39032	0.0
99290	0.0
26106	0.0
70426	0.0
39973	0.0
85134	0.0
60806	0.0
83545	0.0
87045	0.0
52678	0.0
87051	0.0
97242	0.0
84558	0.0
85120	0.0
60812	0.0
69188	0.0
74697	0.0
86401	0.0
90505	0.0
70397	0.0
84570	0.0
84564	0.0
59711	0.0
86373	0.0
23903	0.0
54553	0.0
80064	0.0
86415	0.0
82673	0.0
67199	0.0
82934	0.0
75364	0.0
25553	0.0
71116	0.0
75370	0.0
65605	0.0
85097	0.0
98788	0.0
23678	0.0
72351	0.0
75358	0.0
100943	0.0
78668	0.0
60999	0.0
66330	0.0
74734	0.0
24103	0.0
55711	0.0
31283	0.0
41002	0.0
53412	0.0
55063	0.0
31297	0.0
93636	0.0
39813	0.0
87643	0.0
97450	0.0
60796	0.0
52724	0.0
57884	0.0
57890	0.0
99441	0.0
86561	0.0
94165	0.0
68651	0.0
22980	0.0
67204	0.0
85281	0.0
78330	0.0
62426	0.0
69573	0.0
39422	0.0
76335	0.0
69215	0.0
40693	0.0
69201	0.0
39350	0.0
94429	0.0
102365	0.0
81024	0.0
54619	0.0
22957	0.0
81030	0.0
82539	0.0
79953	0.0
101678	0.0
25786	0.0
102359	0.0
39387	0.0
75199	0.0
40888	0.0
94367	0.0
40650	0.0
25962	0.0
25087	0.0
80349	0.0
85231	0.0
51060	0.0
84891	0.0
31794	0.0
79934	0.0
84649	0.0
98260	0.0
72861	0.0
25939	0.0
51074	0.0
47170	0.0
78380	0.0
85225	0.0
91250	0.0
97621	0.0
84113	0.0
38954	0.0
97609	0.0
101145	0.0
72685	0.0
40151	0.0
60295	0.0
80407	0.0
72691	0.0
38940	0.0
40810	0.0
25044	0.0
23435	0.0
23353	0.0
87383	0.0
25722	0.0
85594	0.0
85580	0.0
90833	0.0
25736	0.0
25050	0.0
81080	0.0
31025	0.0
22717	0.0
76346	0.0
38029	0.0
40186	0.0
39323	0.0
62870	0.0
41071	0.0
48055	0.0
87624	0.0
91046	0.0
98710	0.0
23838	0.0
39860	0.0
86248	0.0
87156	0.0
86260	0.0
99426	0.0
51538	0.0
37865	0.0
49363	0.0
37871	0.0
39684	0.0
52743	0.0
101435	0.0
62858	0.0
84488	0.0
39109	0.0
100918	0.0
23637	0.0
22529	0.0
38565	0.0
89806	0.0
30677	0.0
46939	0.0
72322	0.0
22515	0.0
98937	0.0
66343	0.0
40384	0.0
91913	0.0
62904	0.0
85621	0.0
85147	0.0
52179	0.0
32855	0.0
55616	0.0
100111	0.0
87988	0.0
98664	0.0
37939	0.0
85635	0.0
58468	0.0
40227	0.0
99234	0.0
40541	0.0
98880	0.0
23970	0.0
75288	0.0
46642	0.0
85609	0.0
67854	0.0
39096	0.0
61216	0.0
23743	0.0
31347	0.0
76018	0.0
31353	0.0
23757	0.0
72518	0.0
72530	0.0
39041	0.0
93902	0.0
50791	0.0
76024	0.0
72524	0.0
97741	0.0
40019	0.0
49983	0.0
87220	0.0
84729	0.0
38808	0.0
48337	0.0
75908	0.0
86658	0.0
56121	0.0
75920	0.0
86670	0.0
98328	0.0
101757	0.0
84715	0.0
96311	0.0
86664	0.0
39519	0.0
65272	0.0
91495	0.0
38161	0.0
68756	0.0
93282	0.0
79897	0.0
75075	0.0
40970	0.0
50593	0.0
40958	0.0
60336	0.0
101780	0.0
38149	0.0
95803	0.0
40794	0.0
39531	0.0
25118	0.0
38148	0.0
56691	0.0
101781	0.0
40795	0.0
40959	0.0
51854	0.0
40781	0.0
60337	0.0
26362	0.0
56685	0.0
75074	0.0
40971	0.0
25125	0.0
39518	0.0
48487	0.0
68757	0.0
75060	0.0
65273	0.0
84714	0.0
86665	0.0
75935	0.0
49766	0.0
101756	0.0
98329	0.0
75909	0.0
48336	0.0
38809	0.0
97740	0.0
40018	0.0
49982	0.0
76025	0.0
89797	0.0
72525	0.0
39040	0.0
72531	0.0
99590	0.0
40583	0.0
70440	0.0
23756	0.0
31352	0.0
61217	0.0
79458	0.0
23742	0.0
86467	0.0
39929	0.0
40554	0.0
67855	0.0
85608	0.0
86301	0.0
75289	0.0
24978	0.0
99235	0.0
58469	0.0
40226	0.0
23965	0.0
26835	0.0
30931	0.0
85634	0.0
85620	0.0
86329	0.0
53266	0.0
23959	0.0
100110	0.0
87989	0.0
55617	0.0
52178	0.0
85146	0.0
98936	0.0
91912	0.0
40385	0.0
39134	0.0
79510	0.0
22514	0.0
30138	0.0
26982	0.0
79538	0.0
39108	0.0
38216	0.0
38570	0.0
89813	0.0
23636	0.0
39685	0.0
49362	0.0
41058	0.0
40346	0.0
50155	0.0
62859	0.0
52742	0.0
86275	0.0
86261	0.0
52756	0.0
40352	0.0
37864	0.0
51539	0.0
26969	0.0
99427	0.0
39861	0.0
85026	0.0
98711	0.0
98077	0.0
86249	0.0
41064	0.0
78829	0.0
41070	0.0
97436	0.0
87625	0.0
48054	0.0
85032	0.0
30460	0.0
40187	0.0
72653	0.0
38982	0.0
76347	0.0
39336	0.0
25737	0.0
101811	0.0
90832	0.0
85581	0.0
81081	0.0
31030	0.0
40811	0.0
85595	0.0
25723	0.0
87382	0.0
90826	0.0
72690	0.0
80406	0.0
87369	0.0
84660	0.0
84106	0.0
101144	0.0
38955	0.0
84674	0.0
40150	0.0
99143	0.0
80412	0.0
51075	0.0
97620	0.0
55575	0.0
91251	0.0
47171	0.0
80348	0.0
81056	0.0
47603	0.0
79935	0.0
31795	0.0
84890	0.0
68838	0.0
51061	0.0
84138	0.0
47173	0.0
82549	0.0
85226	0.0
55577	0.0
97622	0.0
72876	0.0
51063	0.0
84892	0.0
79937	0.0
98263	0.0
72862	0.0
91247	0.0
55563	0.0
100264	0.0
47167	0.0
92996	0.0
85232	0.0
84104	0.0
60296	0.0
91509	0.0
72692	0.0
80410	0.0
99141	0.0
72686	0.0
101146	0.0
81083	0.0
40807	0.0
71402	0.0
31026	0.0
78340	0.0
25735	0.0
90824	0.0
25721	0.0
84689	0.0
39308	0.0
78354	0.0
23436	0.0
24371	0.0
72651	0.0
32275	0.0
25709	0.0
40185	0.0
30462	0.0
30476	0.0
90818	0.0
72645	0.0
78368	0.0
98075	0.0
87155	0.0
90429	0.0
62867	0.0
98713	0.0
39863	0.0
98707	0.0
91045	0.0
52768	0.0
41072	0.0
86277	0.0
101436	0.0
85018	0.0
37866	0.0
39693	0.0
40350	0.0
78817	0.0
52754	0.0
86288	0.0
26980	0.0
38566	0.0
23634	0.0
89811	0.0
25245	0.0
82944	0.0
50802	0.0
62898	0.0
98934	0.0
74744	0.0
28991	0.0
66340	0.0
98920	0.0
72321	0.0
22516	0.0
85636	0.0
84528	0.0
30933	0.0
87021	0.0
52608	0.0
99579	0.0
81336	0.0
39917	0.0
39903	0.0
32856	0.0
55615	0.0
100674	0.0
85622	0.0
30927	0.0
86303	0.0
46641	0.0
95419	0.0
39095	0.0
86465	0.0
97568	0.0
90207	0.0
86471	0.0
40542	0.0
37912	0.0
98129	0.0
99237	0.0
25443	0.0
31350	0.0
23998	0.0
61215	0.0
72527	0.0
98698	0.0
89795	0.0
66234	0.0
93901	0.0
99592	0.0
61229	0.0
93530	0.0
93242	0.0
49980	0.0
49758	0.0
91455	0.0
97742	0.0
81108	0.0
86667	0.0
38837	0.0
84716	0.0
31813	0.0
38189	0.0
49770	0.0
91469	0.0
101754	0.0
75923	0.0
23556	0.0
40973	0.0
68741	0.0
26348	0.0
91482	0.0
72719	0.0
65265	0.0
75076	0.0
91496	0.0
65271	0.0
93281	0.0
60309	0.0
40797	0.0
101783	0.0
56693	0.0
39254	0.0
72731	0.0
25668	0.0
26361	0.0
69476	0.0
38639	0.0
40796	0.0
29046	0.0
60320	0.0
39255	0.0
56692	0.0
38163	0.0
75063	0.0
65270	0.0
91497	0.0
90789	0.0
40966	0.0
38605	0.0
40972	0.0
75077	0.0
65264	0.0
73406	0.0
68740	0.0
38177	0.0
101755	0.0
91468	0.0
75922	0.0
56123	0.0
86666	0.0
81109	0.0
75936	0.0
96313	0.0
31812	0.0
49771	0.0
40033	0.0
88105	0.0
91454	0.0
69489	0.0
51116	0.0
49981	0.0
93243	0.0
93525	0.0
97743	0.0
93531	0.0
48335	0.0
94538	0.0
99593	0.0
89780	0.0
66221	0.0
93900	0.0
61228	0.0
72526	0.0
102089	0.0
39731	0.0
50787	0.0
66235	0.0
99587	0.0
98699	0.0
82831	0.0
23999	0.0
61214	0.0
25442	0.0
23755	0.0
89970	0.0
31351	0.0
85192	0.0
40543	0.0
86470	0.0
99236	0.0
87008	0.0
40225	0.0
39094	0.0
95418	0.0
67856	0.0
86302	0.0
97569	0.0
98882	0.0
55614	0.0
100113	0.0
39902	0.0
40219	0.0
85623	0.0
46668	0.0
87020	0.0
30932	0.0
84529	0.0
85637	0.0
85151	0.0
39916	0.0
99578	0.0
55600	0.0
22517	0.0
72320	0.0
39889	0.0
73980	0.0
62899	0.0
40386	0.0
66341	0.0
28990	0.0
72334	0.0
59199	0.0
82945	0.0
23635	0.0
97390	0.0
86289	0.0
26981	0.0
88529	0.0
86262	0.0
40351	0.0
50156	0.0
101437	0.0
52741	0.0
86276	0.0
85019	0.0
49361	0.0
91044	0.0
98706	0.0
97435	0.0
41073	0.0
90428	0.0
62866	0.0
87154	0.0
98074	0.0
85025	0.0
90819	0.0
39335	0.0
78369	0.0
22715	0.0
98289	0.0
52580	0.0
85596	0.0
25720	0.0
90825	0.0
22729	0.0
78355	0.0
78341	0.0
31027	0.0
81082	0.0
25734	0.0
101812	0.0
90831	0.0
85582	0.0
40153	0.0
72687	0.0
99140	0.0
80411	0.0
101147	0.0
82560	0.0
38956	0.0
38942	0.0
84105	0.0
72693	0.0
80405	0.0
84663	0.0
60297	0.0
72863	0.0
79936	0.0
31796	0.0
51062	0.0
85233	0.0
47166	0.0
25085	0.0
100265	0.0
97623	0.0
55576	0.0
85227	0.0
47172	0.0
84139	0.0
72877	0.0
38952	0.0
40631	0.0
84115	0.0
80415	0.0
72683	0.0
84673	0.0
91530	0.0
92039	0.0
47176	0.0
85223	0.0
55572	0.0
91256	0.0
25095	0.0
97627	0.0
55566	0.0
84129	0.0
51066	0.0
79932	0.0
47604	0.0
72867	0.0
91524	0.0
72654	0.0
38985	0.0
25718	0.0
26239	0.0
85586	0.0
72668	0.0
101816	0.0
90835	0.0
25730	0.0
24348	0.0
81086	0.0
38761	0.0
99805	0.0
90821	0.0
25724	0.0
59176	0.0
39682	0.0
86272	0.0
52745	0.0
101433	0.0
85009	0.0
38588	0.0
39696	0.0
40433	0.0
37863	0.0
98716	0.0
85021	0.0
68397	0.0
41063	0.0
62862	0.0
62876	0.0
41077	0.0
39872	0.0
87622	0.0
74972	0.0
72330	0.0
74741	0.0
66345	0.0
40382	0.0
91915	0.0
79517	0.0
72324	0.0
89828	0.0
22513	0.0
90389	0.0
86299	0.0
23631	0.0
25240	0.0
89814	0.0
82941	0.0
40553	0.0
37903	0.0
53249	0.0
23976	0.0
87018	0.0
86306	0.0
40235	0.0
84505	0.0
86474	0.0
40547	0.0
37917	0.0
41117	0.0
30936	0.0
40209	0.0
97237	0.0
62902	0.0
85627	0.0
84539	0.0
83530	0.0
26826	0.0
86448	0.0
80039	0.0
24002	0.0
89790	0.0
66231	0.0
76022	0.0
85814	0.0
72522	0.0
24764	0.0
56480	0.0
39721	0.0
52180	0.0
95385	0.0
31355	0.0
23989	0.0
23751	0.0
24980	0.0
61204	0.0
61210	0.0
91849	0.0
23745	0.0
40037	0.0
31816	0.0
86662	0.0
59200	0.0
40989	0.0
38832	0.0
38826	0.0
101751	0.0
91444	0.0
101779	0.0
87540	0.0
97747	0.0
66966	0.0
49985	0.0
25693	0.0
101786	0.0
24566	0.0
30513	0.0
84908	0.0
39251	0.0
95805	0.0
39537	0.0
51847	0.0
40792	0.0
24200	0.0
22671	0.0
24214	0.0
50595	0.0
39523	0.0
40786	0.0
51853	0.0
65248	0.0
60318	0.0
90799	0.0
75073	0.0
97948	0.0
24228	0.0
75067	0.0
91493	0.0
72708	0.0
65274	0.0
68750	0.0
24229	0.0
68751	0.0
27046	0.0
91492	0.0
72709	0.0
75066	0.0
75072	0.0
90798	0.0
73403	0.0
97949	0.0
39522	0.0
65249	0.0
60331	0.0
39250	0.0
95804	0.0
24201	0.0
72912	0.0
91451	0.0
49984	0.0
87227	0.0
91445	0.0
87541	0.0
70877	0.0
81118	0.0
75927	0.0
40744	0.0
38827	0.0
31817	0.0
40988	0.0
59201	0.0
86663	0.0
91848	0.0
61211	0.0
95390	0.0
23744	0.0
98878	0.0
31354	0.0
95384	0.0
61205	0.0
46862	0.0
52181	0.0
39720	0.0
39734	0.0
76023	0.0
66230	0.0
85815	0.0
85626	0.0
62903	0.0
80038	0.0
86449	0.0
26827	0.0
83531	0.0
40208	0.0
30937	0.0
85632	0.0
84504	0.0
67847	0.0
53248	0.0
99541	0.0
37902	0.0
40552	0.0
40234	0.0
39091	0.0
67853	0.0
86307	0.0
87019	0.0
98139	0.0
25527	0.0
38576	0.0
89815	0.0
72319	0.0
39132	0.0
40397	0.0
79516	0.0
62888	0.0
22512	0.0
89829	0.0
72325	0.0
30116	0.0
66344	0.0
74740	0.0
72331	0.0
91914	0.0
26006	0.0
40383	0.0
74973	0.0
48052	0.0
85034	0.0
92548	0.0
39873	0.0
85020	0.0
39867	0.0
74967	0.0
98717	0.0
98071	0.0
41062	0.0
37862	0.0
39697	0.0
85008	0.0
59177	0.0
52744	0.0
97829	0.0
40817	0.0
25725	0.0
90820	0.0
23354	0.0
25731	0.0
90834	0.0
72669	0.0
85587	0.0
78344	0.0
38760	0.0
55598	0.0
25719	0.0
23368	0.0
95964	0.0
95970	0.0
72655	0.0
101195	0.0
82559	0.0
84128	0.0
55567	0.0
91525	0.0
79933	0.0
51067	0.0
84896	0.0
92038	0.0
91531	0.0
97626	0.0
55573	0.0
84114	0.0
40630	0.0
40156	0.0
84672	0.0
80414	0.0
38947	0.0
81078	0.0
87379	0.0
51059	0.0
84670	0.0
40632	0.0
39497	0.0
84116	0.0
97618	0.0
84664	0.0
40140	0.0
79931	0.0
40168	0.0
98265	0.0
72864	0.0
97630	0.0
85234	0.0
47175	0.0
55571	0.0
91255	0.0
97624	0.0
80358	0.0
51071	0.0
84658	0.0
40197	0.0
40829	0.0
72657	0.0
90822	0.0
24439	0.0
25727	0.0
85591	0.0
78352	0.0
99806	0.0
81085	0.0
40801	0.0
30458	0.0
85585	0.0
39695	0.0
37860	0.0
41048	0.0
97368	0.0
52746	0.0
59175	0.0
26979	0.0
51529	0.0
39681	0.0
37874	0.0
87609	0.0
99437	0.0
39871	0.0
91043	0.0
94649	0.0
62861	0.0
98073	0.0
98715	0.0
91057	0.0
68394	0.0
93873	0.0
30114	0.0
72327	0.0
25519	0.0
39130	0.0
79500	0.0
40381	0.0
39124	0.0
91916	0.0
72333	0.0
74742	0.0
28997	0.0
23632	0.0
82942	0.0
30128	0.0
38212	0.0
25531	0.0
26038	0.0
39118	0.0
68357	0.0
80199	0.0
86477	0.0
23961	0.0
51449	0.0
85618	0.0
67851	0.0
46647	0.0
39093	0.0
40236	0.0
37900	0.0
40550	0.0
49212	0.0
86463	0.0
98885	0.0
83533	0.0
100114	0.0
89778	0.0
62901	0.0
100672	0.0
85624	0.0
41114	0.0
56468	0.0
85630	0.0
30935	0.0
26831	0.0
52183	0.0
89787	0.0
85817	0.0
72521	0.0
24001	0.0
38428	0.0
66232	0.0
76021	0.0
39736	0.0
23746	0.0
76009	0.0
61213	0.0
79448	0.0
95386	0.0
97591	0.0
23752	0.0
66959	0.0
47029	0.0
75925	0.0
70849	0.0
31815	0.0
49986	0.0
68948	0.0
91453	0.0
97744	0.0
75919	0.0
38819	0.0
38158	0.0
27078	0.0
60333	0.0
39246	0.0
73429	0.0
39520	0.0
40791	0.0
40949	0.0
22672	0.0
101785	0.0
72723	0.0
30510	0.0
47940	0.0
95806	0.0
39252	0.0
75064	0.0
38170	0.0
65263	0.0
99967	0.0
25120	0.0
90943	0.0
27045	0.0
91491	0.0
75065	0.0
25652	0.0
40790	0.0
51845	0.0
95807	0.0
39253	0.0
30511	0.0
39247	0.0
39521	0.0
87542	0.0
48333	0.0
91446	0.0
87230	0.0
68949	0.0
100317	0.0
97745	0.0
59202	0.0
101021	0.0
31814	0.0
93279	0.0
66958	0.0
101753	0.0
75924	0.0
61206	0.0
79449	0.0
46861	0.0
32138	0.0
25444	0.0
23753	0.0
95387	0.0
76008	0.0
23747	0.0
61212	0.0
72520	0.0
46685	0.0
79475	0.0
85816	0.0
76020	0.0
66233	0.0
24000	0.0
52182	0.0
78019	0.0
66227	0.0
86338	0.0
30934	0.0
56469	0.0
41115	0.0
26830	0.0
90228	0.0
89779	0.0
55612	0.0
39904	0.0
83532	0.0
100673	0.0
62900	0.0
40237	0.0
39092	0.0
67850	0.0
86304	0.0
86462	0.0
99542	0.0
37901	0.0
39938	0.0
51448	0.0
40545	0.0
37915	0.0
23960	0.0
39086	0.0
85619	0.0
68430	0.0
26039	0.0
30129	0.0
82943	0.0
89816	0.0
23633	0.0
91917	0.0
28996	0.0
74743	0.0
72332	0.0
72326	0.0
38549	0.0
39131	0.0
98072	0.0
62860	0.0
85023	0.0
39864	0.0
98714	0.0
74970	0.0
86258	0.0
101431	0.0
52747	0.0
99436	0.0
87608	0.0
51528	0.0
26978	0.0
59174	0.0
39694	0.0
97369	0.0
86264	0.0
52753	0.0
78347	0.0
40800	0.0
81084	0.0
25732	0.0
85584	0.0
85590	0.0
87387	0.0
25726	0.0
24438	0.0
90823	0.0
81090	0.0
99807	0.0
78353	0.0
30465	0.0
52586	0.0
72656	0.0
95967	0.0
40828	0.0
91254	0.0
99608	0.0
55570	0.0
47174	0.0
84659	0.0
51070	0.0
91526	0.0
72865	0.0
98264	0.0
40169	0.0
51064	0.0
84895	0.0
85235	0.0
78390	0.0
55564	0.0
84103	0.0
38944	0.0
80403	0.0
84665	0.0
40155	0.0
84671	0.0
51058	0.0
87378	0.0
84117	0.0
40633	0.0
